movie_title,content_rating
#Horror,Not Rated
10 Cloverfield Lane,PG-13
10 Days in a Madhouse,R
10 Things I Hate About You,PG-13
102 Dalmatians,G
10th & Wolf,R
11:14,R
12 Angry Men,Not Rated
12 Monkeys,TV-14
12 Rounds,PG-13
12 Years a Slave,R
127 Hours,R
13 Going on 30,PG-13
13 Hours,R
1408,PG-13
15 Minutes,R
16 Blocks,PG-13
17 Again,PG-13
1776,PG
1911,R
1941,PG
1982,R
2 Fast 2 Furious,PG-13
2 Guns,R
20 Dates,R
20 Feet from Stardom,PG-13
"20,000 Leagues Under the Sea",Approved
200 Cigarettes,R
2001: A Space Odyssey,G
2012,PG-13
2016: Obama's America,PG
2046,R
21,PG-13
21 & Over,R
21 Grams,R
21 Jump Street,R
22 Jump Street,R
24 7: Twenty Four Seven,R
25th Hour,R
27 Dresses,PG-13
28 Days,PG-13
28 Days Later...,R
28 Weeks Later,R
3,Unrated
3 Backyards,R
3 Days to Kill,PG-13
3 Men and a Baby,PG
3 Ninjas Kick Back,PG
3 Strikes,R
30 Days of Night,R
30 Minutes or Less,R
30 Nights of Paranormal Activity with the Devil Inside the Girl with the Dragon Tattoo,R
300,R
3000 Miles to Graceland,R
300: Rise of an Empire,R
3:10 to Yuma,R
3rd Rock from the Sun,TV-PG
"4 Months, 3 Weeks and 2 Days",Not Rated
40 Days and 40 Nights,R
42,PG-13
42nd Street,Unrated
47 Ronin,PG-13
5 Days of War,R
50 First Dates,PG-13
50/50,R
500 Days of Summer,PG-13
51 Birch Street,Unrated
54,R
55 Days at Peking,Unrated
8 Days,PG-13
8 Heads in a Duffel Bag,R
8 Mile,R
8 Women,R
88 Minutes,R
8: The Mormon Proposition,R
8MM,R
9,PG-13
90 Minutes in Heaven,PG-13
9½ Weeks,R
A Beautiful Mind,PG-13
A Better Life,PG-13
A Bridge Too Far,PG
A Bug's Life,G
A Charlie Brown Christmas,TV-G
A Christmas Carol,PG
A Christmas Story,PG
A Cinderella Story,PG
A Civil Action,PG-13
A Dangerous Method,R
A Dog of Flanders,PG
A Farewell to Arms,Unrated
A Few Good Men,R
A Fine Step,PG
A Fistful of Dollars,R
A Funny Thing Happened on the Way to the Forum,Approved
A Good Day to Die Hard,R
A Good Year,PG-13
A Guy Named Joe,Passed
A Guy Thing,PG-13
A Hard Day's Night,Approved
A Haunted House,R
A Haunted House 2,R
A History of Violence,R
A Home at the End of the World,R
A Knight's Tale,PG-13
A League of Their Own,PG
A Lego Brickumentary,G
A Lonely Place to Die,R
A Lot Like Love,PG-13
A Low Down Dirty Shame,R
A Madea Christmas,PG-13
A Man Apart,R
A Man for All Seasons,Approved
A Mighty Heart,R
A Mighty Wind,PG-13
A Million Ways to Die in the West,R
A Monster in Paris,PG
A Most Violent Year,R
A Most Wanted Man,R
A Night at the Roxbury,PG-13
A Nightmare on Elm Street,X
A Nightmare on Elm Street 2: Freddy's Revenge,R
A Nightmare on Elm Street 3: Dream Warriors,X
A Nightmare on Elm Street 4: The Dream Master,R
A Nightmare on Elm Street 5: The Dream Child,X
A Passage to India,PG
A Perfect Getaway,R
A Prairie Home Companion,PG-13
A Room for Romeo Brass,R
A Room with a View,Unrated
A Scanner Darkly,R
A Separation,PG-13
A Serious Man,R
A Shine of Rainbows,PG
A Simple Plan,R
A Simple Wish,PG
A Single Man,R
A Sound of Thunder,PG-13
A Streetcar Named Desire,PG
A Thin Line Between Love and Hate,R
A Thousand Words,PG-13
A Time to Kill,R
A Turtle's Tale: Sammy's Adventures,PG
A Very Harold & Kumar 3D Christmas,R
A Very Long Engagement,R
A View to a Kill,PG
A Walk Among the Tombstones,R
A Walk on the Moon,R
A Walk to Remember,PG
"A Woman, a Gun and a Noodle Shop",R
A.I. Artificial Intelligence,PG-13
ABCD (Any Body Can Dance),Not Rated
ATL,PG-13
AVP: Alien vs. Predator,PG-13
AWOL-72,R
Abandon,PG-13
Abduction,PG-13
About Last Night,R
About Schmidt,R
About Time,R
About a Boy,PG-13
Abraham Lincoln: Vampire Hunter,R
Absentia,R
Absolute Power,R
Accidental Love,PG-13
Ace Ventura: Pet Detective,PG-13
Ace Ventura: When Nature Calls,PG-13
Across the Universe,PG-13
Act of Valor,R
Action Jackson,R
Adam,PG-13
Adam Resurrected,R
Adaptation.,R
Addicted,R
Admission,PG-13
Adore,R
Adventureland,R
After,PG-13
After Earth,PG-13
After the Sunset,PG-13
After.Life,R
Against the Ropes,PG-13
Against the Wild,PG
Agent Cody Banks,PG
Agent Cody Banks 2: Destination London,PG
Agora,R
Air Bud,PG
Air Force One,R
Airborne,PG
Airplane!,PG
Akeelah and the Bee,PG
Akira,R
Aladdin,G
Albert Nobbs,R
Albino Alligator,R
Alex & Emma,PG-13
Alex Cross,PG-13
Alex Rider: Operation Stormbreaker,PG
Alexander,R
"Alexander and the Terrible, Horrible, No Good, Very Bad Day",PG
Alexander's Ragtime Band,Approved
Alfie,R
Ali,R
Alice Through the Looking Glass,PG
Alice in Wonderland,PG
Alien,R
Alien 3,R
Alien Uprising,R
Alien Zone,PG
Alien: Resurrection,R
Aliens,R
Aliens in the Attic,PG
Aliens vs. Predator: Requiem,R
Alive,R
All About Steve,PG-13
All About the Benjamins,R
All Good Things,R
All Hat,R
All Is Bright,R
All Is Lost,PG-13
All Superheroes Must Die,Unrated
All That Jazz,R
All or Nothing,R
All the Boys Love Mandy Lane,R
All the King's Men,PG-13
All the Pretty Horses,PG-13
All the Queen's Men,PG-13
All the Real Girls,R
Allegiant,PG-13
Almost Famous,R
Aloft,R
Aloha,PG-13
Alone in the Dark,R
Alone with Her,Not Rated
Along Came Polly,PG-13
Along Came a Spider,R
Alpha and Omega,PG
Alvin and the Chipmunks,PG
Alvin and the Chipmunks: Chipwrecked,G
Alvin and the Chipmunks: The Road Chip,PG
Alvin and the Chipmunks: The Squeakquel,PG
Amadeus,R
Amen.,Unrated
America's Sweethearts,PG-13
American Beauty,R
American Desi,Unrated
American Dreamz,PG-13
American Gangster,R
American Graffiti,PG
American Heist,R
American History X,R
American Hustle,R
American Ninja 2: The Confrontation,R
American Outlaws,PG-13
American Pie,R
American Pie 2,R
American Psycho,R
American Reunion,R
American Sniper,R
American Splendor,R
American Wedding,R
Amigo,R
Amistad,R
Among Giants,R
Amores Perros,R
Amour,PG-13
Amélie,R
An Alan Smithee Film: Burn Hollywood Burn,R
An American Carol,PG-13
An American Haunting,PG-13
An American in Hollywood,R
An Education,PG-13
An Everlasting Piece,R
An Ideal Husband,PG-13
An Inconvenient Truth,PG
An Unfinished Life,PG-13
Anaconda,PG-13
Anacondas: The Hunt for the Blood Orchid,PG-13
Analyze That,R
Analyze This,R
Anastasia,G
Anatomy,R
Anchorman 2: The Legend Continues,PG-13
Anchorman: The Legend of Ron Burgundy,PG-13
And So It Goes,PG-13
Anderson's Cross,R
Angel Eyes,R
Angela's Ashes,R
Angels & Demons,PG-13
Animal House,R
Animals United,PG
Anna Karenina,R
Anna and the King,PG-13
Annabelle,R
Anne of Green Gables,TV-G
Annie,PG
Annie Get Your Gun,Passed
Annie Hall,PG
Anomalisa,R
Anonymous,PG-13
Another Earth,PG-13
Another Happy Day,R
Another Year,PG-13
Ant-Man,PG-13
Antarctica: A Year on Ice,PG
Antitrust,PG-13
Antiviral,Not Rated
Antwone Fisher,PG-13
Antz,PG
Any Given Sunday,R
Anything Else,R
Anywhere But Here,PG-13
Apocalypse Now,R
Apocalypto,R
Apollo 13,PG
Apollo 18,PG-13
Appaloosa,R
April Fool's Day,R
Aqua Teen Hunger Force Colon Movie Film for Theaters,R
Aquamarine,PG
Arachnophobia,PG-13
Ararat,R
Arbitrage,R
Are We There Yet?,PG
Area 51,R
Argo,R
Arlington Road,R
Armageddon,PG-13
Armored,PG-13
Army of Darkness,R
Arnolds Park,PG-13
Around the World in 80 Days,PG
Arthur,TV-Y
Arthur Christmas,PG
Arthur and the Invisibles,PG
"As Above, So Below",R
As Good as It Gets,PG-13
Ask Me Anything,Not Rated
Assassins,R
Assault on Precinct 13,R
Astro Boy,PG
At First Sight,PG-13
Atlantis: The Lost Empire,PG
Atlas Shrugged II: The Strike,PG-13
Atlas Shrugged: Who Is John Galt?,PG-13
Atonement,R
Attack the Block,R
August,Not Rated
August Rush,PG
August: Osage County,R
Austin Powers in Goldmember,PG-13
Austin Powers: International Man of Mystery,PG-13
Austin Powers: The Spy Who Shagged Me,PG-13
Australia,PG-13
Auto Focus,R
Automata,R
Autumn in New York,PG-13
Avatar,PG-13
Avengers: Age of Ultron,PG-13
Awake,R
Away We Go,R
B-Girl,PG-13
Babe,G
Babe: Pig in the City,G
Babel,R
Baby Boy,R
Baby Geniuses,PG
Baby Mama,PG-13
Baby's Day Out,PG
Babylon A.D.,PG-13
Bachelorette,R
Back to the Future,PG
Back to the Future Part II,PG
Back to the Future Part III,PG
Bad Boys,R
Bad Boys II,R
Bad Company,PG-13
Bad Grandpa,R
Bad Lieutenant: Port of Call New Orleans,R
Bad Moms,R
Bad Santa,R
Bad Teacher,R
Bad Words,R
Baggage Claim,PG-13
Baghead,R
Bait,R
Ballistic: Ecks vs. Sever,R
Bambi,Approved
Bamboozled,R
Bananas,GP
Bandidas,PG-13
Bandits,PG-13
Bandslam,PG
Bangkok Dangerous,R
Banshee Chapter,R
Barbarella,PG
Barbershop,PG-13
Barbershop 2: Back in Business,PG-13
Barney's Great Adventure,G
Barney's Version,R
Barnyard,PG
Barry Lyndon,PG
Barry Munday,R
Basic,R
Basic Instinct 2,R
Basquiat,R
Bathing Beauty,Passed
Bathory: Countess of Blood,R
Batman,PG-13
Batman & Robin,PG-13
Batman Begins,PG-13
Batman Forever,PG-13
Batman Returns,PG-13
Batman v Superman: Dawn of Justice,PG-13
"Batman: The Dark Knight Returns, Part 2",PG-13
Batman: The Movie,Approved
Bats,PG-13
Battle Los Angeles,PG-13
Battle for the Planet of the Apes,G
Battle of the Year,PG-13
Battlefield Earth,PG-13
Battleship,PG-13
Be Cool,PG-13
Be Kind Rewind,PG-13
Beastly,PG-13
Beastmaster 2: Through the Portal of Time,PG-13
Beasts of the Southern Wild,PG-13
Beautiful Creatures,PG-13
Beauty Shop,PG-13
Beavis and Butt-Head Do America,PG-13
Because I Said So,PG-13
Because of Winn-Dixie,PG
Becoming Jane,PG
Bedazzled,PG-13
Bedtime Stories,PG
Bee Movie,PG
Beer League,R
Beerfest,R
Beetlejuice,PG
Before I Go to Sleep,R
Before Midnight,R
Before Sunrise,R
Before Sunset,R
Begin Again,R
Beginners,R
Behind Enemy Lines,PG-13
Being John Malkovich,R
Being Julia,R
Bella,PG-13
Beloved,R
Below Zero,R
Ben-Hur,PG-13
Bend It Like Beckham,PG-13
Beneath Hill 60,R
Beneath the Planet of the Apes,G
Benji,G
Beowulf,PG-13
Bernie,PG-13
Best in Show,PG-13
Better Luck Tomorrow,R
Beverly Hills Chihuahua,PG
Beverly Hills Cop,R
Beverly Hills Cop II,R
Beverly Hills Cop III,R
Bewitched,TV-G
Beyond Borders,R
Beyond the Black Rainbow,R
Beyond the Lights,PG-13
Beyond the Mat,R
Beyond the Sea,PG-13
Beyond the Valley of the Dolls,X
Bicentennial Man,PG
Big,PG
Big Daddy,PG-13
Big Eyes,PG-13
Big Fat Liar,PG
Big Fish,PG-13
Big Hero 6,PG
Big Miracle,PG
Big Momma's House,PG-13
Big Momma's House 2,PG-13
"Big Mommas: Like Father, Like Son",PG-13
Big Trouble,PG-13
Big Trouble in Little China,PG-13
Bill & Ted's Bogus Journey,PG
Bill & Ted's Excellent Adventure,PG
Billy Elliot,R
Birdman or (The Unexpected Virtue of Ignorance),R
Birth,R
Birthday Girl,R
Biutiful,R
Bizarre,Unrated
Black Book,R
Black Christmas,R
Black Hawk Down,R
Black Knight,PG-13
Black Mass,R
Black Nativity,PG
Black Rain,R
Black Rock,R
Black Snake Moan,R
Black Swan,R
Black or White,PG-13
Blackhat,R
Blackthorn,R
Blade,R
Blade II,R
Blade Runner,R
Blade: Trinity,R
Blades of Glory,PG-13
Blast from the Past,PG-13
Blazing Saddles,R
Bled,R
Blended,PG-13
Bless the Child,R
Blindness,R
Blonde Ambition,PG-13
Blood Diamond,R
Blood Done Sign My Name,PG-13
"Blood In, Blood Out",R
Blood Ties,R
Blood Work,R
Blood and Chocolate,PG-13
Blood and Wine,R
BloodRayne,R
Bloodsport,R
Bloody Sunday,R
Blow,R
Blow Out,R
Blue Car,R
Blue Crush,PG-13
Blue Jasmine,PG-13
Blue Like Jazz,PG-13
Blue Ruin,R
Blue Streak,PG-13
Blue Valentine,R
Boat Trip,R
Bobby,R
Bobby Jones: Stroke of Genius,PG
Body Double,R
Body of Lies,R
Bogus,PG
Boiler Room,R
Bolt,PG
Bon Cop Bad Cop,R
Bon voyage,PG-13
Bones,TV-14
Boogeyman,PG-13
Boogie Nights,R
Book of Shadows: Blair Witch 2,R
Boom Town,Passed
Boomerang,R
Borat: Cultural Learnings of America for Make Benefit Glorious Nation of Kazakhstan,R
Born of War,R
Born on the Fourth of July,R
Bottle Rocket,R
Bottle Shock,PG-13
Bound,R
Bowfinger,PG-13
Bowling for Columbine,R
Boyhood,R
Boynton Beach Club,R
Boys Don't Cry,R
Boys and Girls,PG-13
Boyz n the Hood,R
Bram Stoker's Dracula,R
Bran Nue Dae,PG-13
Brave,PG
Brave New Girl,PG-13
Braveheart,R
Brazil,R
Breakdown,R
Breakfast of Champions,R
Breakin' All the Rules,PG-13
Brick Lane,PG-13
Brick Mansions,PG-13
Bride & Prejudice,PG-13
Bride Wars,PG
Bride of Chucky,R
Bridesmaids,R
Bridge of Spies,PG-13
Bridge to Terabithia,PG
Bridget Jones's Diary,R
Bridget Jones: The Edge of Reason,R
Brigham City,PG-13
"Bright Lights, Big City",R
Bright Star,PG
Brighton Rock,R
Bring It On,PG-13
Bringing Down the House,PG-13
Bringing Out the Dead,R
Brokeback Mountain,R
Brokedown Palace,PG-13
Broken Arrow,R
Broken City,R
Broken Horses,R
Broken Vessels,R
Bronson,R
Brooklyn,PG-13
Brooklyn Rules,R
Brooklyn's Finest,R
Brother,R
Brotherly Love,R
Brothers,R
Brown Sugar,PG-13
Bruce Almighty,PG-13
Brüno,R
Bubba Ho-Tep,R
Bubble Boy,PG-13
Bucky Larson: Born to Be a Star,R
"Buen Día, Ramón",PG-13
Buffalo '66,R
Buffalo Soldiers,R
Buffy the Vampire Slayer,TV-14
Bullet to the Head,R
Bulletproof Monk,PG-13
Bullets Over Broadway,R
Bully,R
Bulworth,R
Buried,R
Burlesque,PG-13
Burn,Not Rated
Burn After Reading,R
Burnt,R
But I'm a Cheerleader,R
Butch Cassidy and the Sundance Kid,M
Butterfly,R
By the Sea,R
C.H.U.D.,R
CJ7,PG
Ca$h,R
Cabin Fever,Not Rated
Caddyshack,R
Cadillac Records,R
Call + Response,PG-13
Can't Hardly Wait,PG-13
Can't Stop the Music,PG
Cape Fear,R
Capitalism: A Love Story,R
Capote,R
Capricorn One,PG
Captain America: Civil War,PG-13
Captain America: The First Avenger,PG-13
Captain America: The Winter Soldier,PG-13
Captain Corelli's Mandolin,R
Captain Phillips,PG-13
Captive,PG-13
Caramel,PG
Caravans,PG
Carlos,Not Rated
Carnage,R
Carrie,R
Carriers,PG-13
Cars,G
Cars 2,G
Casa de mi Padre,R
Casablanca,PG
Case 39,R
Casino,R
Casino Jack,R
Casino Royale,PG-13
Casper,PG
Cast Away,PG-13
Cat People,R
Cat on a Hot Tin Roof,Approved
Catch Me If You Can,PG-13
Catch That Kid,PG
Catch a Fire,PG-13
Catch-22,R
Cats & Dogs,PG
Cats & Dogs: The Revenge of Kitty Galore,PG
Cats Don't Dance,G
Catwoman,PG-13
Cavite,Not Rated
Cecil B. DeMented,R
Cedar Rapids,R
Celebrity,R
Celeste & Jesse Forever,R
Cellular,PG-13
Center Stage,PG-13
Central Intelligence,PG-13
Central Station,R
Centurion,R
Chain Letter,R
Chain Reaction,PG-13
Chain of Command,R
Chairman of the Board,PG-13
Changeling,R
Changing Lanes,R
Chappie,R
Character,R
Chariots of Fire,PG
Charlie Bartlett,R
Charlie St. Cloud,PG-13
Charlie Wilson's War,R
Charlie and the Chocolate Factory,PG
Charlie's Angels,PG-13
Charlie's Angels: Full Throttle,PG-13
Charlotte's Web,G
Charly,PG
Chasing Amy,R
Chasing Liberty,PG-13
Chasing Mavericks,PG
Chasing Papi,PG
Cheap Thrills,Not Rated
Cheaper by the Dozen,PG
Cheaper by the Dozen 2,PG
Chernobyl Diaries,R
Chicago,PG-13
Chicago Overcoat,R
Chicken Little,G
Chicken Run,G
Child 44,R
Child's Play,R
Child's Play 2,R
Childless,R
Children of Heaven,PG
Children of Men,R
Chill Factor,R
Chloe,R
Chocolat,PG-13
Choke,R
Christmas Eve,PG
Christmas Mail,TV-PG
Christmas with the Kranks,PG
Chronicle,PG-13
Chuck & Buck,R
Chéri,R
"Cinco de Mayo, La Batalla",R
Cinderella,PG
Cinderella Man,PG-13
Circle,Not Rated
Circumstance,R
Cirque du Freak: The Vampire's Assistant,PG-13
Cirque du Soleil: Worlds Away,PG
City Hall,R
City Island,PG-13
City by the Sea,R
City of Angels,PG-13
City of Ember,PG
City of Ghosts,R
City of God,R
City of Life and Death,R
Civil Brand,R
Clash of the Titans,PG-13
Class of 1984,R
Clay Pigeons,R
Clean,R
Clear and Present Danger,PG-13
Cleopatra,Approved
Clerks,R
Clerks II,R
Click,PG-13
Cliffhanger,R
Clockstoppers,PG
Clockwatchers,PG-13
Close Encounters of the Third Kind,PG
Closer,R
Closer to the Moon,Not Rated
Closure,R
Cloud Atlas,R
Cloudy with a Chance of Meatballs,PG
Cloudy with a Chance of Meatballs 2,PG
Cloverfield,PG-13
Club Dread,R
Clueless,PG-13
Coach Carter,PG-13
Coal Miner's Daughter,PG
Coco Before Chanel,PG-13
Code 46,R
Code Name: The Cleaner,PG-13
Code of Honor,R
Cold Mountain,R
Collateral,R
Collateral Damage,R
College,R
Colombiana,PG-13
Come Early Morning,R
Coming Home,PG-13
Commando,R
Compadres,R
Compliance,R
Con Air,R
Conan the Barbarian,R
Conan the Destroyer,PG
Concussion,PG-13
Confessions of a Dangerous Mind,R
Confessions of a Teenage Drama Queen,PG
Confidence,R
Congo,PG-13
Connie and Carla,PG-13
Conquest of the Planet of the Apes,PG
Conspiracy Theory,R
Constantine,TV-14
Contact,PG
Contagion,PG-13
Contraband,R
Control,R
Conversations with Other Women,R
Cool Runnings,PG
Cop Land,R
Cop Out,R
Copycat,R
Copying Beethoven,PG-13
Coraline,PG
Coriolanus,R
Corky Romano,PG-13
Corpse Bride,PG
Cotton Comes to Harlem,R
Country Strong,PG-13
Couples Retreat,PG-13
Courage,PG
Courage Under Fire,R
Courageous,PG-13
Coyote Ugly,PG-13
Cradle 2 the Grave,R
Cradle Will Rock,R
Crank,R
Crank: High Voltage,R
Crash,R
Crazy Heart,R
Crazy in Alabama,PG-13
"Crazy, Stupid, Love.",PG-13
Crazy/Beautiful,PG-13
Creative Control,R
Creed,PG-13
Creepshow,R
Creepshow 2,R
Cries & Whispers,R
Criminal,R
Crimson Tide,R
Critical Care,R
Crocodile Dundee,PG-13
Crocodile Dundee II,PG
Crocodile Dundee in Los Angeles,PG
Crooklyn,PG-13
Crossover,PG-13
Crossroads,PG-13
"Crouching Tiger, Hidden Dragon",PG-13
Crowsnest,R
Cruel Intentions,R
Cry Freedom,PG
Cry_Wolf,PG-13
Cube,R
Curious George,G
Curse of the Golden Flower,R
Cursed,PG-13
Cutthroat Island,PG-13
Cypher,R
Cyrus,R
D.E.B.S.,PG-13
DOA: Dead or Alive,PG-13
Daddy Day Camp,PG
Daddy Day Care,PG
Daddy's Home,PG-13
Dallas Buyers Club,R
Damnation Alley,PG
Damsels in Distress,PG-13
Dance Flick,PG-13
Dancer in the Dark,R
"Dancer, Texas Pop. 81",PG
Dances with Wolves,PG-13
Dancin' It's On,PG
Dangerous Liaisons,R
Danny Collins,R
Dante's Peak,PG-13
Daredevil,TV-MA
Dark Angel,TV-14
Dark Blue,R
Dark City,R
Dark Shadows,PG-13
Dark Water,PG-13
Darkness,PG-13
Darkness Falls,PG-13
Darling Companion,PG-13
Darling Lili,G
Das Boot,R
Date Movie,PG-13
Date Night,PG-13
Dave Chappelle's Block Party,R
Dawn of the Dead,R
Dawn of the Planet of the Apes,PG-13
Day One,PG-13
Day of the Dead,Unrated
Daybreakers,R
Daylight,PG-13
Days of Heaven,PG
Days of Thunder,PG-13
Dazed and Confused,R
De-Lovely,PG-13
Dead Like Me: Life After Death,R
Dead Man Down,R
Dead Man Walking,R
Dead Man on Campus,R
Dead Poets Society,PG
Dead Snow,Not Rated
Deadfall,R
Deadpool,R
Dear Frankie,PG-13
Dear John,PG-13
Dear Wendy,Unrated
Death Becomes Her,PG-13
Death Calls,R
Death Race,R
Death Race 2000,R
Death Sentence,R
Death at a Funeral,R
Death to Smoochy,R
Deck the Halls,PG
Deconstructing Harry,R
Decoys,R
Deep Blue Sea,R
Deep Impact,PG-13
Deep Rising,R
Def-Con 4,R
Defendor,R
Defiance,TV-MA
"Definitely, Maybe",PG-13
Dekalog,TV-MA
Delgo,PG
Deliver Us from Evil,R
Delivery Man,PG-13
Demonic,R
Derailed,R
Desert Blue,R
Desert Dancer,PG-13
Desperado,R
Despicable Me,PG
Despicable Me 2,PG
Detention,R
Detention of the Dead,Not Rated
Deterrence,R
Detroit Rock City,R
Deuce Bigalow: European Gigolo,R
Deuce Bigalow: Male Gigolo,R
Deuces Wild,R
Devil,PG-13
Devil's Due,R
Diamond Ruff,R
Diamonds Are Forever,GP
Diary of a Mad Black Woman,PG-13
Diary of a Wimpy Kid,PG
Diary of a Wimpy Kid: Dog Days,PG
Diary of a Wimpy Kid: Rodrick Rules,PG
Diary of the Dead,R
Dick,PG-13
Dick Tracy,PG
Dickie Roberts: Former Child Star,PG-13
Did You Hear About the Morgans?,PG-13
Die Another Day,PG-13
Die Hard,R
Die Hard 2,R
Die Hard with a Vengeance,R
Digimon: The Movie,PG
Diner,R
Dinner Rush,R
Dinner for Schmucks,PG-13
Dinosaur,PG
Dirty Grandpa,R
Dirty Pretty Things,R
Dirty Work,PG-13
Disaster Movie,PG-13
Disclosure,R
District 9,R
District B13,R
Disturbia,PG-13
Disturbing Behavior,R
Divergent,PG-13
Divine Secrets of the Ya-Ya Sisterhood,PG-13
Django Unchained,R
Do You Believe?,PG-13
Do the Right Thing,R
Doc Holliday's Revenge,PG-13
Doctor Dolittle,PG-13
Doctor Zhivago,PG-13
Dodgeball: A True Underdog Story,PG-13
Dogma,R
Dogtooth,Unrated
Dogtown and Z-Boys,PG-13
Dolphin Tale,PG
Dolphin Tale 2,PG
Dom Hemingway,R
Domestic Disturbance,PG-13
Domino,R
Don Jon,R
Don Juan DeMarco,PG-13
Don McKay,R
Don't Be Afraid of the Dark,R
Don't Say a Word,R
Donkey Punch,R
Donnie Brasco,R
Donnie Darko,R
Donovan's Reef,Not Rated
Doogal,G
Doom,R
Doomsday,R
Dope,R
Double Impact,R
Double Jeopardy,R
Double Take,PG-13
Doubt,PG-13
Doug's 1st Movie,G
Down Terrace,R
Down and Out with the Dolls,R
Down for Life,R
Down in the Valley,R
Down to Earth,PG-13
Down to You,PG-13
Downfall,R
Dr. Dolittle 2,PG
Dr. No,Approved
Dr. Strangelove or: How I Learned to Stop Worrying and Love the Bomb,PG
Dracula 2000,R
Dracula Untold,PG-13
Draft Day,R
Drag Me to Hell,PG-13
Dragon Blade,R
Dragon Hunters,PG
Dragon Wars: D-War,PG-13
DragonHeart,PG-13
Dragonball: Evolution,PG
Dragonfly,PG-13
Dragonslayer,PG
Dream House,PG-13
Dream with the Fishes,R
Dreamcatcher,R
Dreamer: Inspired by a True Story,PG
Dreamgirls,PG-13
Dreaming of Joseph Lees,R
Dredd,R
Dressed to Kill,X
Drillbit Taylor,PG-13
Drinking Buddies,R
Drive,R
Drive Angry,R
Drive Hard,Not Rated
Drive Me Crazy,PG-13
Driven,PG-13
Driving Lessons,PG-13
Driving Miss Daisy,PG
Drop Dead Gorgeous,PG-13
Drowning Mona,PG-13
Drumline,PG-13
"Dude, Where's My Car?",PG-13
"Dude, Where's My Dog?!",PG
Dudley Do-Right,PG
Due Date,R
Duel in the Sun,Unrated
Duets,R
Dum Maaro Dum,R
Duma,PG
Dumb & Dumber,PG-13
Dumb and Dumber To,PG-13
Dumb and Dumberer: When Harry Met Lloyd,PG-13
Dune,PG-13
Dungeons & Dragons: Wrath of the Dragon God,Not Rated
Duplex,PG-13
Duplicity,PG-13
Dwegons and Leprechauns,PG
Dying of the Light,R
Dylan Dog: Dead of Night,PG-13
DysFunktional Family,R
Dysfunctional Friends,Not Rated
Déjà Vu,PG-13
E.T. the Extra-Terrestrial,PG
Eagle Eye,PG-13
Earth,Unrated
Earth to Echo,PG
East Is East,R
Eastern Promises,R
Easy A,PG-13
Easy Money,R
Easy Virtue,PG-13
Eat Pray Love,PG-13
Ed Wood,R
Ed and His Dead Mother,PG-13
Eddie the Eagle,PG-13
Eddie: The Sleepwalking Cannibal,Not Rated
Eden,R
Eden Lake,R
Edge of Darkness,R
Edge of Tomorrow,PG-13
Edmond,R
Edtv,PG-13
Edward Scissorhands,PG-13
Eight Below,PG
Eight Legged Freaks,PG-13
El Mariachi,R
El crimen del padre Amaro,R
Election,R
Elektra,PG-13
Elf,PG
Elite Squad,R
Elizabeth,R
Elizabeth: The Golden Age,PG-13
Elizabethtown,PG-13
Ella Enchanted,PG
Elling,R
Elmer Gantry,Approved
Elsa & Fred,PG-13
Elysium,R
Empire,TV-14
Employee of the Month,PG-13
Enchanted,PG
End of Days,R
End of Watch,R
End of the Spear,PG-13
Ender's Game,PG-13
Endless Love,PG-13
Enemy at the Gates,R
Enemy of the State,R
Enough,PG-13
Enough Said,PG-13
Enter Nowhere,R
Enter the Void,Not Rated
Entourage,TV-MA
Entrapment,PG-13
Envy,PG-13
Epic,PG
Epic Movie,PG-13
Equilibrium,R
Eragon,PG
Eraser,R
Eraserhead,Unrated
Erin Brockovich,R
Ernest & Celestine,PG
Escape Plan,R
Escape from Alcatraz,PG
Escape from L.A.,R
Escape from New York,R
Escape from Planet Earth,PG
Escape from Tomorrow,Not Rated
Escape from the Planet of the Apes,G
Escobar: Paradise Lost,R
Eternal Sunshine of the Spotless Mind,R
Eulogy,R
Eureka,TV-14
EuroTrip,R
Evan Almighty,PG
Eve's Bayou,R
Event Horizon,R
Ever After: A Cinderella Story,PG-13
Everest,PG-13
Everybody's Fine,PG-13
Everyone Says I Love You,R
Everything Must Go,R
Everything Put Together,R
Everything You Always Wanted to Know About Sex * But Were Afraid to Ask,R
Evil Dead,R
Evil Dead II,X
Evita,PG
Ex Machina,R
Exam,Not Rated
Excessive Force,R
Executive Decision,R
Exeter,R
Exiled,R
Exit Wounds,R
Exodus: Gods and Kings,PG-13
Exorcist II: The Heretic,R
Exorcist: The Beginning,R
Exotica,R
Extract,R
Extraordinary Measures,PG
Extreme Measures,R
Extreme Movie,R
Extreme Ops,PG-13
Extremely Loud & Incredibly Close,PG-13
Eye See You,R
Eye for an Eye,R
Eye of the Beholder,R
Eye of the Dolphin,PG-13
Eyes Wide Shut,R
F.I.S.T.,PG
Fabled,R
Face/Off,R
Facing the Giants,PG
Factory Girl,R
Fahrenheit 9/11,R
Failure to Launch,PG-13
Fair Game,PG-13
Faith Like Potatoes,PG
Faithful,R
Falcon Rising,R
Fame,PG
Family Plot,PG
Fantasia,G
Fantasia 2000,G
Fantastic 4: Rise of the Silver Surfer,PG
Fantastic Four,PG-13
Fantastic Mr. Fox,PG
Far from Heaven,PG-13
Farce of the Penguins,R
Fargo,TV-MA
Fascination,R
Fast Five,PG-13
Fast Times at Ridgemont High,X
Faster,R
Fat Albert,PG
Fatal Attraction,R
Fateless,R
Fear Clinic,R
Fear and Loathing in Las Vegas,R
Feardotcom,R
Feast,R
Felicia's Journey,PG-13
Femme Fatale,R
Fever Pitch,PG-13
Fiddler on the Roof,G
Fido,R
Fifty Dead Men Walking,R
Fifty Shades of Black,R
Fifty Shades of Grey,R
Fight Club,R
Fight to the Finish,PG-13
Fighting Tommy Riley,R
Filly Brown,R
Final Destination,R
Final Destination 2,R
Final Destination 3,R
Final Destination 5,R
Final Fantasy: The Spirits Within,PG-13
Find Me Guilty,R
Finding Forrester,PG-13
Finding Nemo,G
Finding Neverland,PG
Finishing the Game: The Search for a New Bruce Lee,Not Rated
Firefox,PG
Fireproof,PG
Firestarter,R
Firewall,PG-13
First Blood,R
First Knight,PG-13
"First Love, Last Rites",R
Fish Tank,Not Rated
Flags of Our Fathers,R
Flame and Citron,Not Rated
Flash Gordon,PG
Flash of Genius,PG-13
Flashdance,R
Flatliners,R
Flawless,R
Fled,R
Flicka,PG
Flight,R
Flight of the Intruder,PG-13
Flight of the Phoenix,PG-13
Flightplan,PG-13
Flipped,PG
Flipper,PG
Flirting with Disaster,R
Florence Foster Jenkins,PG-13
Flubber,PG
Flushed Away,PG
Flyboys,PG-13
Flying By,PG-13
Focus,R
"Food, Inc.",PG
Foodfight!,PG
Fool's Gold,PG-13
Foolish,R
Footloose,PG
For Colored Girls,R
For Greater Glory: The True Story of Cristiada,R
For Love of the Game,PG-13
For Your Consideration,PG-13
For Your Eyes Only,PG
"For a Good Time, Call...",R
Force 10 from Navarone,PG
Forget Me Not,R
Forgetting Sarah Marshall,R
Formula 51,R
Forrest Gump,PG-13
Forsaken,R
Fort McCoy,R
Fortress,R
Forty Shades of Blue,R
Four Brothers,R
Four Christmases,PG-13
Four Lions,R
Four Rooms,R
Four Weddings and a Funeral,R
Frailty,R
Frances Ha,R
Frankenweenie,PG
Frat Party,R
Freakonomics,PG-13
Freaky Deaky,R
Freaky Friday,PG
Freddy Got Fingered,R
Freddy vs. Jason,R
Freddy's Dead: The Final Nightmare,R
Free Birds,PG
Free State of Jones,R
Free Style,PG
Freedom,R
Freedom Writers,PG-13
Freeheld,PG-13
Freeway,R
Freeze Frame,R
Frenzy,R
Frequency,PG-13
Frida,R
Friday,R
Friday After Next,R
Friday Night Lights,TV-14
Friday the 13th Part 2,R
Friday the 13th Part III,R
Friday the 13th Part VII: The New Blood,R
Friday the 13th Part VIII: Jason Takes Manhattan,R
Friday the 13th: A New Beginning,R
Friday the 13th: The Final Chapter,R
Friends with Benefits,R
Friends with Money,R
Fright Night,R
From Dusk Till Dawn,R
From Hell,R
From Here to Eternity,Not Rated
From Justin to Kelly,PG
From Paris with Love,R
From Russia with Love,Approved
From a Whisper to a Scream,R
Frost/Nixon,R
Frozen,PG
Frozen River,R
Fruitvale Station,R
Fuel,Not Rated
Full Frontal,R
Fun Size,PG-13
Fun with Dick and Jane,PG-13
Funny Games,R
Funny People,R
Fur: An Imaginary Portrait of Diane Arbus,R
Furious 7,PG-13
Furry Vengeance,PG
Fury,R
Futuro Beach,Unrated
G-Force,PG
G.I. Jane,R
G.I. Joe: Retaliation,PG-13
G.I. Joe: The Rise of Cobra,PG-13
Gabriela,R
Galaxina,R
Galaxy Quest,PG
Gamer,R
Gandhi,PG
Gangs of New York,R
Gangster Squad,R
Gangster's Paradise: Jerusalema,R
Garden State,R
Garfield,PG
Garfield 2,PG
Gattaca,PG-13
Gentleman's Agreement,Approved
Gentlemen Broncos,PG-13
George Washington,Unrated
George and the Dragon,PG
George of the Jungle,PG
Georgia Rule,R
Gerry,R
Get Carter,R
Get Hard,R
Get Him to the Greek,R
Get Low,PG-13
Get Over It,PG-13
Get Rich or Die Tryin',R
Get Shorty,R
Get Smart,PG-13
Get on Up,PG-13
Get on the Bus,R
Getaway,PG-13
Gettysburg,PG
Ghost,PG-13
Ghost Dog: The Way of the Samurai,R
Ghost Rider,PG-13
Ghost Rider: Spirit of Vengeance,PG-13
Ghost Ship,R
Ghost Town,PG-13
Ghost World,R
Ghostbusters,PG-13
Ghosts of Mars,R
Ghosts of Mississippi,PG-13
Gigli,R
Girl 6,R
Girl with a Pearl Earring,PG-13
"Girl, Interrupted",R
Girls Gone Dead,R
Gladiator,R
Glee: The 3D Concert Movie,PG
Glengarry Glen Ross,R
Glitter,PG-13
Glory,R
Glory Road,PG
Go,R
Go for It!,PG-13
Goal! The Dream Begins,PG-13
God's Not Dead 2,PG
Gods and Generals,PG-13
Gods and Monsters,R
Gods of Egypt,PG-13
Godsend,PG-13
Godzilla 2000,PG
Going the Distance,R
GoldenEye,PG-13
Goldfinger,Approved
Gomorrah,TV-MA
Gone Girl,R
Gone in Sixty Seconds,PG-13
Gone with the Wind,G
"Gone, Baby, Gone",TV-14
Good,R
Good Boy!,PG
Good Bye Lenin!,R
Good Deeds,PG-13
Good Dick,R
Good Intentions,PG-13
Good Kill,R
Good Luck Chuck,R
"Good Morning, Vietnam",R
"Good Night, and Good Luck.",PG
Good Will Hunting,R
Goodfellas,R
Goosebumps,PG
Gosford Park,R
Gossip,R
Gothika,R
Grabbers,Not Rated
Grace Unplugged,PG
Gracie,PG-13
Graduation Day,R
Gran Torino,R
Grand Theft Parsons,PG-13
Grandma's Boy,R
Grave Encounters,Not Rated
Gravity,PG-13
Grease,PG-13
Green Lantern,PG-13
Green Room,R
Green Street 3: Never Back Down,R
Green Zone,R
Gremlins,PG
Gremlins 2: The New Batch,PG-13
Gridiron Gang,PG-13
Griff the Invisible,PG-13
Grindhouse,R
Groove,R
Grosse Pointe Blank,R
Groundhog Day,PG
Growing Up Smith,PG-13
Grown Ups,PG-13
Grown Ups 2,PG-13
Grudge Match,PG-13
Guardians of the Galaxy,PG-13
Guess Who,PG-13
Guiana 1838,Unrated
Gulliver's Travels,PG
Gun Shy,R
Hachi: A Dog's Tale,G
Hackers,PG-13
"Hail, Caesar!",PG-13
Hairspray,PG
Half Baked,R
Half Nelson,R
Half Past Dead,PG-13
Hall Pass,R
Halloween,R
Halloween 4: The Return of Michael Myers,R
Halloween 5,X
Halloween II,R
Halloween III: Season of the Witch,R
Halloween: Resurrection,R
Halloween: The Curse of Michael Myers,R
Hamlet,PG-13
Hamlet 2,R
Hancock,PG-13
Hands of Stone,R
Hang 'Em High,M
Hanging Up,PG-13
Hanna,PG-13
Hannah Montana: The Movie,G
Hannibal,TV-14
Hannibal Rising,R
Hansel & Gretel: Witch Hunters,R
Happily N'Ever After,PG
Happy Christmas,R
Happy Feet,PG
Happy Feet 2,PG
Happy Gilmore,PG-13
Happy Valley,TV-MA
"Happy, Texas",PG-13
Hard Candy,R
Hard Rain,R
Hard to Be a God,Not Rated
Hardball,PG-13
Hardflip,PG-13
Harley Davidson and the Marlboro Man,R
Harlock: Space Pirate,Not Rated
Harold & Kumar Escape from Guantanamo Bay,R
Harold & Kumar Go to White Castle,R
Harper,Not Rated
Harriet the Spy,PG
Harry Brown,R
Harry Potter and the Chamber of Secrets,PG
Harry Potter and the Goblet of Fire,PG-13
Harry Potter and the Half-Blood Prince,PG
Harry Potter and the Order of the Phoenix,PG-13
Harry Potter and the Prisoner of Azkaban,PG
Harry Potter and the Sorcerer's Stone,PG
Harsh Times,R
Hart's War,R
Harvard Man,R
Hatchet,R
Hav Plenty,R
Hayride,Not Rated
Haywire,R
He Got Game,R
He's Just Not That Into You,PG-13
Head Over Heels,PG-13
Head of State,PG-13
Headhunters,R
Heartbeeps,PG
Heartbreakers,PG-13
Hearts in Atlantis,PG-13
Heaven Is for Real,PG
Heaven's Gate,R
Heavenly Creatures,R
Heavy Metal,R
Hedwig and the Angry Inch,R
Heist,R
Held Up,PG-13
Heli,Not Rated
Hell's Angels,Passed
Hellboy,PG-13
Hellboy II: The Golden Army,PG-13
Hellraiser,R
Henry & Me,PG
Henry V,PG-13
Her,R
Her Cry: La Llorona Investigation,Not Rated
Herbie Fully Loaded,G
Hercules,PG-13
Here Comes the Boom,PG
Here on Earth,PG-13
Hereafter,PG-13
Hero,PG-13
Heroes,TV-14
Heroes of Dirt,PG-13
Hesher,R
Hey Arnold! The Movie,PG
Hidalgo,PG-13
Hidden Away,Unrated
Hide and Seek,R
High Anxiety,PG
High Crimes,PG-13
High Fidelity,R
High Heels and Low Lifes,R
High Noon,PG
High Plains Drifter,R
High Road,R
High School Musical,TV-G
High School Musical 2,TV-G
High School Musical 3: Senior Year,G
High Tension,Unrated
Higher Ground,R
Highlander,R
Highlander: Endgame,R
Highlander: The Final Dimension,PG-13
Highway,R
History of the World: Part I,R
Hit and Run,R
Hitch,PG-13
Hitman,R
Hobo with a Shotgun,Not Rated
Hocus Pocus,PG
Hoffa,R
Holes,PG
Hollow Man,R
Hollywood Ending,PG-13
Hollywood Homicide,PG-13
Hollywood Shuffle,R
Holy Man,PG
Holy Motors,Not Rated
Home,PG
Home Alone,PG
Home Alone 2: Lost in New York,PG
Home Fries,PG-13
Home Movies,TV-PG
Home Run,PG-13
Home for the Holidays,PG-13
Home on the Range,PG
Homefront,R
Honey,PG-13
Hoodwinked Too! Hood vs. Evil,PG
Hoodwinked!,PG
Hook,PG
Hoop Dreams,PG-13
Hoot,PG
Hop,PG
Hope Floats,PG-13
Hope Springs,PG-13
Horrible Bosses,R
Horrible Bosses 2,R
Horse Camp,PG
Hostage,R
Hostel,R
Hostel: Part II,R
Hot Fuzz,R
Hot Pursuit,PG-13
Hot Rod,PG-13
Hot Tub Time Machine,R
Hot Tub Time Machine 2,R
Hotel Rwanda,PG-13
Hotel Transylvania,PG
Hotel Transylvania 2,PG
Hotel for Dogs,PG
House Party 2,R
House at the End of the Drive,R
House at the End of the Street,PG-13
House of 1000 Corpses,R
House of D,PG-13
House of Flying Daggers,PG-13
House of Sand,R
House of Sand and Fog,R
House of Wax,R
House on Haunted Hill,R
Housebound,Not Rated
How Do You Know,PG-13
How Green Was My Valley,Approved
How High,R
How She Move,PG-13
How Stella Got Her Groove Back,R
How the Grinch Stole Christmas,PG
How to Be Single,R
How to Be a Player,R
How to Deal,PG-13
How to Fall in Love,TV-G
How to Lose Friends & Alienate People,R
How to Lose a Guy in 10 Days,PG-13
How to Train Your Dragon,PG
How to Train Your Dragon 2,PG
Howard the Duck,PG
Howards End,PG
Howl's Moving Castle,PG
Hud,Approved
Hudson Hawk,R
Hugo,PG
Hulk,PG-13
Human Traffic,R
Hurricane Streets,R
Hustle & Flow,R
I Am Legend,PG-13
I Am Love,R
I Am Number Four,PG-13
I Am Sam,PG-13
I Am Wrath,R
I Can Do Bad All by Myself,PG-13
I Come with the Rain,Not Rated
I Don't Know How She Does It,PG-13
I Dreamed of Africa,PG-13
I Got the Hook Up,R
I Heart Huckabees,R
I Hope They Serve Beer in Hell,R
I Know What You Did Last Summer,R
I Love You Phillip Morris,R
"I Love You, Beth Cooper",PG-13
"I Love You, Don't Touch Me!",R
"I Love You, Man",R
I Love Your Work,R
I Married a Strange Person!,R
I Origins,R
I Served the King of England,R
I Spit on Your Grave,R
I Spy,PG-13
I Still Know What You Did Last Summer,R
I Think I Love My Wife,R
I Want Someone to Eat Cheese With,R
I Want Your Money,PG
I'm Not There.,R
"I, Frankenstein",PG-13
"I, Robot",PG-13
Ice Age,PG
Ice Age: Continental Drift,PG
Ice Age: Dawn of the Dinosaurs,PG
Ice Age: The Meltdown,PG
Ice Princess,G
Ida,PG-13
Identity,R
Identity Thief,R
Idiocracy,R
Idle Hands,R
Idlewild,R
If I Stay,PG-13
Igby Goes Down,R
Illuminata,R
Imaginary Heroes,R
Imagine Me & You,R
Imagine That,PG
Immortals,R
Impact Point,R
Impostor,R
In & Out,PG-13
In Bruges,R
In Cold Blood,Approved
In Dreams,R
In Good Company,PG-13
In Her Line of Fire,R
In Time,PG-13
In Too Deep,R
In the Bedroom,R
In the Company of Men,R
In the Cut,R
In the Heart of the Sea,PG-13
In the Land of Blood and Honey,R
In the Land of Women,PG-13
In the Name of the King: A Dungeon Siege Tale,PG-13
In the Name of the King: The Last Job,R
In the Shadow of the Moon,PG
In the Valley of Elah,R
Incendies,R
Inception,PG-13
Inchon,PG
Incident at Loch Ness,PG-13
Independence Day,PG-13
Independence Day: Resurgence,PG-13
Independence Daysaster,PG-13
Indiana Jones and the Kingdom of the Crystal Skull,PG-13
Indiana Jones and the Last Crusade,PG-13
Indiana Jones and the Temple of Doom,PG
Indie Game: The Movie,Not Rated
Indignation,R
Inescapable,R
Infamous,R
Inglourious Basterds,R
Inherent Vice,R
Inkheart,PG
Inside Deep Throat,NC-17
Inside Job,PG-13
Inside Llewyn Davis,R
Inside Man,R
Inside Out,PG
Insidious,PG-13
Insidious: Chapter 2,PG-13
Insidious: Chapter 3,PG-13
Insomnia,R
Inspector Gadget,PG
Instinct,R
Instructions Not Included,PG-13
Insurgent,PG-13
Interstellar,PG-13
Interview with the Assassin,R
Interview with the Vampire: The Vampire Chronicles,R
Into the Blue,PG-13
Into the Grizzly Maze,R
Into the Storm,PG-13
Into the Wild,R
Into the Woods,PG
Intolerable Cruelty,PG-13
Intolerance: Love's Struggle Throughout the Ages,Not Rated
Invaders from Mars,PG
Invasion U.S.A.,R
Invictus,PG-13
Ip Man 3,PG-13
Ira & Abby,R
Iris,R
Iron Man,PG-13
Iron Man 2,PG-13
Iron Man 3,PG-13
Ironclad,R
Irreversible,Not Rated
Ishtar,PG-13
Isn't She Great,R
It Follows,R
It Happened One Night,Unrated
It's All Gone Pete Tong,R
It's Always Sunny in Philadelphia,TV-MA
It's Complicated,R
It's Kind of a Funny Story,PG-13
"It's a Mad, Mad, Mad, Mad World",Approved
It's a Wonderful Afterlife,PG-13
It's a Wonderful Life,PG
J. Edgar,R
JFK,R
Jab Tak Hai Jaan,Not Rated
Jack Brooks: Monster Slayer,R
Jack Reacher,PG-13
Jack Ryan: Shadow Recruit,PG-13
Jack and Jill,PG
Jack the Giant Slayer,PG-13
Jackass 3D,R
Jackass Number Two,R
Jackass: The Movie,R
Jackie Brown,R
Jade,R
Jakob the Liar,PG-13
Jane Got a Gun,R
Jarhead,R
Jason Bourne,PG-13
Jason Goes to Hell: The Final Friday,R
Jason Lives: Friday the 13th Part VI,R
Jason X,R
Jawbreaker,R
Jaws,PG
Jaws 2,PG
Jaws: The Revenge,PG-13
Jay and Silent Bob Strike Back,R
Jeepers Creepers,R
Jeepers Creepers II,R
"Jeff, Who Lives at Home",R
Jefferson in Paris,PG-13
Jekyll and Hyde... Together Again,R
Jennifer's Body,R
Jerry Maguire,R
Jersey Boys,R
Jersey Girl,PG-13
Jesus' Son,R
Jimmy Neutron: Boy Genius,G
Jimmy and Judy,R
Jindabyne,R
Jingle All the Way,PG
Joe,R
Joe Dirt,PG-13
Joe Somebody,PG
John Carter,PG-13
John Q,PG-13
Johnny English,PG
Johnny English Reborn,PG
Johnny Suede,R
Johnson Family Vacation,PG-13
Jonah Hex,PG-13
Jonah: A VeggieTales Movie,G
Josie and the Pussycats,PG-13
Journey 2: The Mysterious Island,PG
Journey from the Fall,R
Journey to Saturn,Not Rated
Journey to the Center of the Earth,PG
Joy,PG-13
Joy Ride,R
Joyeux Noel,PG-13
Joyful Noise,PG-13
Judgment at Nuremberg,Not Rated
Julia,PG
Julie & Julia,PG-13
Jumper,PG-13
Jumping the Broom,PG-13
Juno,PG-13
Jupiter Ascending,PG-13
Jurassic Park,PG-13
Jurassic Park III,PG-13
Jurassic World,PG-13
Just Go with It,PG-13
Just Like Heaven,PG-13
Just Looking,R
Just Married,PG-13
Just My Luck,PG-13
Just Visiting,PG-13
Just Wright,PG
Justin Bieber: Never Say Never,G
Juwanna Mann,PG-13
K-19: The Widowmaker,PG-13
K-PAX,PG-13
Kabhi Alvida Naa Kehna,R
Kama Sutra: A Tale of Love,R
Kangaroo Jack,PG
Kansas City,R
Kate & Leopold,PG-13
Katy Perry: Part of Me,PG
Keanu,R
Keeping Up with the Steins,PG-13
Keeping the Faith,PG-13
Kevin Hart: Laugh at My Pain,R
Kevin Hart: Let Me Explain,R
Khiladi 786,Not Rated
Khumba,Not Rated
Kick-Ass,R
Kick-Ass 2,R
Kicking & Screaming,PG
Kicks,R
Kill Bill: Vol. 1,R
Kill Bill: Vol. 2,R
Kill List,Not Rated
Kill the Messenger,R
Killer Elite,R
Killer Joe,R
Killers,PG-13
Killing Them Softly,R
Killing Zoe,R
Kindergarten Cop,PG-13
King Kong,PG-13
King's Ransom,PG-13
Kingdom of Heaven,R
Kingdom of the Spiders,PG
Kingpin,PG-13
Kinsey,R
Kiss Kiss Bang Bang,R
Kiss of Death,R
Kiss of the Dragon,R
Kiss the Bride,R
Kiss the Girls,R
Kissing Jessica Stein,R
Kit Kittredge: An American Girl,G
Knight and Day,PG-13
Knock Off,R
Knockaround Guys,R
Knocked Up,R
Knowing,PG-13
Krampus,PG-13
Krrish,Not Rated
Krull,PG
Krush Groove,R
Kundun,PG-13
Kung Fu Hustle,R
Kung Fu Panda,PG
Kung Fu Panda 2,PG
Kung Fu Panda 3,PG
Kung Pow: Enter the Fist,PG-13
L!fe Happens,R
L'auberge espagnole,R
L.A. Confidential,R
L.I.E.,NC-17
LOL,PG-13
La Bamba,PG-13
La otra conquista,R
Labor Day,PG-13
Ladder 49,PG-13
Lady Vengeance,R
Lady in White,R
Lady in the Water,PG-13
Ladyhawke,PG-13
Lage Raho Munna Bhai,PG-13
Lake Mungo,R
Lake Placid,R
Lake of Fire,Unrated
Lakeview Terrace,PG-13
Land of the Dead,R
Land of the Lost,PG-13
Lara Croft Tomb Raider: The Cradle of Life,PG-13
Lara Croft: Tomb Raider,PG-13
Larry Crowne,PG-13
Larry the Cable Guy: Health Inspector,PG-13
Lars and the Real Girl,PG-13
Last Action Hero,PG-13
Last Holiday,PG-13
Last Man Standing,TV-PG
Last Orders,R
Last Vegas,PG-13
Latter Days,R
Law Abiding Citizen,R
Lawrence of Arabia,PG
Laws of Attraction,PG-13
Layer Cake,R
Le Havre,Not Rated
Leap Year,PG
Leatherheads,PG-13
Leaving Las Vegas,R
Lee Daniels' The Butler,PG-13
Left Behind,PG-13
Legal Eagles,PG
Legally Blonde,PG-13
"Legally Blonde 2: Red, White & Blonde",PG-13
Legend,R
Legend of Kung Fu Rabbit,PG
Legend of the Guardians: The Owls of Ga'Hoole,PG
Legends of Oz: Dorothy's Return,PG
Legends of the Fall,R
Legion,R
Les Misérables,PG-13
Les visiteurs,R
Let Me In,R
Let's Be Cops,R
Let's Go to Prison,R
Let's Kill Ward's Wife,Unrated
Lethal Weapon 3,R
Lethal Weapon 4,R
Letters from Iwo Jima,R
Letters to God,PG
Letters to Juliet,PG
Liar Liar,PG-13
Licence to Kill,PG-13
License to Wed,PG-13
Lies in Plain Sight,TV-PG
Life During Wartime,R
Life as a House,R
Life of Pi,PG
Life or Something Like It,PG-13
Lifeforce,R
Light It Up,R
Light Sleeper,R
Light from the Darkroom,PG-13
Lights Out,PG-13
Like Crazy,PG-13
Like Mike,PG
Lilo & Stitch,PG
Lilya 4-Ever,R
Lilyhammer,TV-MA
Limbo,R
Limitless,TV-14
Lincoln,PG-13
Lion of the Desert,PG
Lions for Lambs,R
Lisa Picard Is Famous,PG-13
Little Black Book,PG-13
Little Boy,PG-13
Little Children,R
Little Fockers,PG-13
Little Miss Sunshine,R
Little Nicky,PG-13
Little Shop of Horrors,PG-13
Little Voice,R
Little White Lies,Not Rated
Little Women,PG
Littleman,PG-13
Live Free or Die Hard,PG-13
Live and Let Die,PG
Live-In Maid,Unrated
Living Dark: The Story of Ted the Caver,PG-13
Living Out Loud,R
Loaded Weapon 1,PG-13
"Lock, Stock and Two Smoking Barrels",R
Locker 13,R
Lockout,PG-13
Logan's Run,PG
Lolita,Not Rated
London,R
London Has Fallen,R
London to Brighton,R
Lone Star,R
Lone Survivor,R
Lone Wolf McQuade,PG
Lonesome Jim,R
Looney Tunes: Back in Action,PG
Looper,R
Lord of War,R
Lords of Dogtown,PG-13
Lords of London,R
Loser,PG-13
Losin' It,R
Lost Souls,R
Lost in Space,PG-13
Lost in Translation,R
Lottery Ticket,PG-13
Love & Basketball,PG-13
Love & Other Drugs,R
Love Actually,R
Love Happens,PG-13
Love Jones,R
Love Letters,R
Love Ranch,R
Love Stinks,R
Love and Death on Long Island,PG-13
Love and Other Catastrophes,R
Love in the Time of Cholera,R
Love the Coopers,PG-13
Love's Abiding Joy,PG
Lovely & Amazing,R
"Lovely, Still",PG
Loving Annabelle,Not Rated
Lucky Break,PG-13
Lucky Number Slevin,R
Lucky Numbers,R
Lucky You,PG-13
Lucy,R
Luminarias,R
Luther,TV-MA
M*A*S*H,TV-PG
MacGruber,R
Machete,R
Machete Kills,R
Machine Gun McCain,GP
Machine Gun Preacher,R
Mad City,PG-13
Mad Hot Ballroom,PG
Mad Max,R
Mad Max 2: The Road Warrior,R
Mad Max Beyond Thunderdome,PG-13
Mad Max: Fury Road,R
Mad Money,PG-13
Madagascar,PG
Madagascar 3: Europe's Most Wanted,PG
Madagascar: Escape 2 Africa,PG
Made,R
Made in Dagenham,R
Made of Honor,PG-13
Madea Goes to Jail,PG-13
Madea's Family Reunion,PG-13
Madea's Witness Protection,PG-13
Madison,PG
Maggie,PG-13
Magic Mike,R
Magic Mike XXL,R
Magnolia,R
Maid in Manhattan,PG-13
Major Dundee,Approved
Major League,R
Malcolm X,PG-13
Maleficent,PG
Malevolence,R
Malibu's Most Wanted,PG-13
Mallrats,R
Malone,R
Mama,PG-13
Mambo Italiano,R
Mamma Mia!,PG-13
Man of Steel,PG-13
Man of the House,PG-13
Man of the Year,PG-13
Man on Fire,R
Man on Wire,PG-13
Man on a Ledge,PG-13
Man on the Moon,R
Mandela: Long Walk to Freedom,PG-13
Manderlay,Not Rated
Maniac,Not Rated
Mao's Last Dancer,PG
March of the Penguins,G
March or Die,PG
Marci X,R
Margaret,R
Margin Call,R
Maria Full of Grace,R
Marie Antoinette,PG-13
Marley & Me,PG
Marmaduke,PG
Married Life,PG-13
Mars Attacks!,PG-13
Mars Needs Moms,PG
Martha Marcy May Marlene,R
Martian Child,PG
Martin Lawrence Live: Runteldat,R
Marvin's Room,PG-13
Mary Poppins,Approved
Mary Reilly,R
Masked and Anonymous,PG-13
Master and Commander: The Far Side of the World,PG-13
Match Point,R
Maurice,R
Max,PG
Max Keeble's Big Move,PG
Max Payne,PG-13
Maximum Risk,R
May,R
"McFarland, USA",PG
McHale's Navy,TV-G
Me Before You,PG-13
Me and Orson Welles,PG-13
Me and You and Everyone We Know,R
"Me, Myself & Irene",R
Mean Creek,R
Mean Girls,PG-13
Mean Machine,R
Mean Streets,R
Medicine Man,PG-13
Meek's Cutoff,PG
Meet Dave,PG
Meet Joe Black,PG-13
Meet the Deedles,PG
Meet the Fockers,PG-13
Meet the Parents,PG-13
Meet the Spartans,PG-13
Megaforce,PG
Megamind,PG
Megiddo: The Omega Code 2,PG-13
Melancholia,R
Memento,R
Memoirs of a Geisha,PG-13
Memoirs of an Invisible Man,PG-13
Men in Black,PG-13
Men in Black 3,PG-13
Men in Black II,PG-13
Men of Honor,R
Men of War,R
Men with Brooms,R
Menace II Society,R
Mercury Rising,R
Mercy Streets,PG-13
Message in a Bottle,PG-13
Metallica Through the Never,R
Meteor,PG
Metropolis,Not Rated
Metropolitan,PG-13
Mi America,R
Miami Vice,TV-14
Michael Clayton,R
Michael Collins,R
Mickey Blue Eyes,PG-13
Micmacs,R
Middle of Nowhere,R
Midnight Cabaret,R
Midnight Cowboy,X
Midnight Run,R
Midnight Special,PG-13
Midnight in Paris,PG-13
Midnight in the Garden of Good and Evil,R
Mighty Joe Young,PG
Milk,R
Million Dollar Arm,PG
Million Dollar Baby,PG-13
Mindhunters,R
Minions,PG
Minority Report,PG-13
Miracle,PG
Miracle at St. Anna,R
Miracles from Heaven,PG
Mirror Mirror,PG
Mirrormask,PG
Mirrors,R
Misconduct,R
Miss Congeniality,PG-13
Miss Congeniality 2: Armed and Fabulous,PG-13
Miss Julie,PG-13
Miss March,R
Miss Potter,PG
Mission to Mars,PG
Mission: Impossible,PG-13
Mission: Impossible - Ghost Protocol,PG-13
Mission: Impossible - Rogue Nation,PG-13
Mission: Impossible II,PG-13
Mission: Impossible III,PG-13
Mississippi Mermaid,R
Mo' Better Blues,R
Moby Dick,Unrated
Modern Problems,PG
Modern Times,G
Molière,PG-13
Molly,PG-13
Mommie Dearest,R
Moms' Night Out,PG
Mona Lisa Smile,PG-13
Mondays in the Sun,R
Money Monster,R
Money Talks,R
Money Train,R
Moneyball,PG-13
Mongol: The Rise of Genghis Khan,R
Monkeybone,PG-13
Monsoon Wedding,R
Monster,R
Monster House,PG
Monster's Ball,R
Monster-in-Law,PG-13
Monsters,R
Monsters University,G
Monsters vs. Aliens,PG
"Monsters, Inc.",G
Monte Carlo,PG
Monty Python and the Holy Grail,PG
Moon,R
Moonlight Mile,PG-13
Moonraker,PG
Moonrise Kingdom,PG-13
Mooz-Lum,PG-13
Morning Glory,PG-13
Mortal Kombat,PG-13
Mortal Kombat: Annihilation,PG-13
Mortdecai,R
Morvern Callar,R
Mother and Child,R
Motherhood,PG-13
Moulin Rouge!,PG-13
Movie 43,R
Mr 3000,PG-13
Mr. & Mrs. Smith,PG-13
Mr. Bean's Holiday,PG
Mr. Church,PG-13
Mr. Deeds,PG-13
Mr. Holland's Opus,PG
Mr. Nice Guy,PG-13
Mr. Peabody & Sherman,PG
Mr. Popper's Penguins,PG
Mr. Smith Goes to Washington,Not Rated
Mr. Turner,R
Mrs Henderson Presents,R
Mrs. Doubtfire,PG-13
Mrs. Winterbourne,PG-13
Much Ado About Nothing,PG-13
Mud,PG-13
Mulan,G
Mulholland Drive,R
Multiplicity,PG-13
Mumford,R
Munich,R
Muppets Most Wanted,PG
Muppets from Space,G
Murder by Numbers,R
Murderball,R
Music and Lyrics,PG-13
Must Love Dogs,PG-13
Mutual Appreciation,R
My Baby's Daddy,PG-13
My Beautiful Laundrette,R
My Best Friend's Girl,R
My Best Friend's Wedding,PG-13
My Big Fat Greek Wedding,PG
My Big Fat Greek Wedding 2,PG-13
My Big Fat Independent Movie,R
My Bloody Valentine,R
My Blueberry Nights,PG-13
My Boss's Daughter,PG-13
My Cousin Vinny,R
My Date with Drew,PG
My Dog Skip,PG
My Fair Lady,Approved
My Favorite Martian,PG
My Fellow Americans,PG-13
My Girl,PG-13
My Life Without Me,R
My Life in Ruins,PG-13
My Name Is Bruce,R
My Name Is Khan,PG-13
My Own Private Idaho,R
My Sister's Keeper,PG-13
My Soul to Take,R
My Stepmother Is an Alien,PG-13
My Summer of Love,R
My Super Ex-Girlfriend,PG-13
My Week with Marilyn,R
Mystery Men,PG-13
"Mystery, Alaska",R
Mystic Pizza,R
Mystic River,R
N-Secure,R
Nacho Libre,PG
Naked Gun 33 1/3: The Final Insult,PG-13
Nancy Drew,PG
Nanny McPhee,PG
Nanny McPhee Returns,PG
Napoleon Dynamite,PG
Narc,R
National Lampoon's Vacation,R
National Treasure,PG
Naturally Native,PG-13
Nebraska,R
Need for Speed,PG-13
Neighbors,R
Neighbors 2: Sorority Rising,R
Nerve,PG-13
Network,R
Never Again,R
Never Back Down,PG-13
Never Back Down 2: The Beatdown,R
Never Let Me Go,R
Never Say Never Again,PG
New Nightmare,R
New Year's Eve,PG-13
New York Minute,PG
New York Stories,PG
"New York, New York",PG
New in Town,PG
Newlyweds,Not Rated
Next Day Air,R
Next Friday,R
Next Stop Wonderland,R
Niagara,Approved
Nicholas Nickleby,PG
Nick and Norah's Infinite Playlist,PG-13
Night Watch,R
Night at the Museum,PG
Night at the Museum: Battle of the Smithsonian,PG
Night at the Museum: Secret of the Tomb,PG
Night of the Living Dead,Unrated
Nightcrawler,R
Nighthawks,R
Nim's Island,PG
Nine,PG-13
Nine Dead,R
Nine Queens,R
Ninja Assassin,R
Nixon,R
No Country for Old Men,R
No Escape,R
No Good Deed,PG-13
No Man's Land: The Rise of Reeker,R
No Reservations,PG
No Strings Attached,R
No Vacancy,R
Noah,PG-13
Nomad: The Warrior,R
Non-Stop,PG-13
North Country,R
Northfork,PG-13
Not Another Teen Movie,R
Not Cool,Not Rated
Not Easily Broken,PG-13
Notes on a Scandal,R
Nothing,R
Nothing But a Man,Not Rated
Nothing to Lose,R
Notting Hill,PG-13
November,R
Novocaine,R
Now Is Good,PG-13
Now You See Me,PG-13
Now You See Me 2,PG-13
Nowhere Boy,R
Nowhere in Africa,R
Nowhere to Run,R
Nurse 3D,R
Nurse Betty,R
Nutty Professor II: The Klumps,PG-13
O,R
"O Brother, Where Art Thou?",PG-13
Oblivion,PG-13
Observe and Report,R
Obvious Child,R
Ocean's Eleven,PG-13
Ocean's Thirteen,PG-13
Ocean's Twelve,PG-13
Oceans,G
October Baby,PG-13
Octopussy,PG
Oculus,R
Of Gods and Men,PG-13
Office Space,R
Old Dogs,PG
Old Joy,Unrated
Old School,R
Oldboy,R
Oliver Twist,PG-13
Oliver!,G
Olympus Has Fallen,R
On Deadly Ground,R
On Her Majesty's Secret Service,M
On the Line,PG
On the Outs,R
On the Road,R
On the Waterfront,Not Rated
Once,R
Once Upon a Time in America,R
Once Upon a Time in Mexico,R
Once Upon a Time in Queens,R
Once Upon a Time in the West,PG-13
Once in a Lifetime: The Extraordinary Story of the New York Cosmos,PG-13
Ondine,PG-13
One Day,PG-13
One Direction: This Is Us,PG
One Flew Over the Cuckoo's Nest,R
One Hour Photo,R
One Man's Hero,R
One Missed Call,PG-13
One Night with the King,PG
One True Thing,R
One for the Money,PG-13
One to Another,Unrated
Ong-bak 2,R
Only God Forgives,R
Only the Strong,PG-13
Opal Dream,PG
Open Range,R
Open Season,PG
Open Secret,Approved
Open Water,R
Ordet,Not Rated
Ordinary People,R
Orgazmo,NC-17
Original Sin,R
Orphan,R
Osama,PG-13
Oscar and Lucinda,R
Osmosis Jones,PG
Ouija,PG-13
Our Brand Is Crisis,R
Our Family Wedding,PG-13
Our Idiot Brother,R
Our Kind of Traitor,R
Out Cold,PG-13
Out of Africa,PG
Out of Inferno,PG-13
Out of Sight,R
Out of Time,R
Out of the Blue,R
Out of the Dark,R
Out of the Furnace,R
Outbreak,R
Outlander,TV-MA
Outside Providence,R
Over Her Dead Body,PG-13
Over the Hedge,PG
Owning Mahowny,R
Oz the Great and Powerful,PG
P.S. I Love You,PG-13
PCU,PG-13
Pacific Rim,PG-13
Paddington,PG
Pain & Gain,R
Paint Your Wagon,PG-13
Pale Rider,R
Palo Alto,R
Pan,PG
Pan's Labyrinth,R
Pandaemonium,PG-13
Pandora's Box,Not Rated
Pandorum,R
Panic Room,R
Paparazzi,PG-13
Paper Towns,PG-13
ParaNorman,PG
Paranormal Activity,R
Paranormal Activity 2,R
Paranormal Activity 3,R
Paranormal Activity 4,R
Paranormal Activity: The Marked Ones,R
Parental Guidance,PG
"Paris, je t'aime",R
Parker,R
Partition,R
Party Monster,R
Passchendaele,R
Pat Garrett & Billy the Kid,R
Patch Adams,PG-13
Pathology,R
Patriot Games,R
Patton,GP
Paul,R
Paul Blart: Mall Cop,PG
Paul Blart: Mall Cop 2,PG
Pay It Forward,PG-13
Payback,R
Paycheck,PG-13
Peaceful Warrior,PG-13
Pearl Harbor,PG-13
Peeples,PG-13
Peggy Sue Got Married,PG-13
Penguins of Madagascar,PG
Penitentiary,R
People I Know,R
Perception,TV-14
Percy Jackson & the Olympians: The Lightning Thief,PG
Percy Jackson: Sea of Monsters,PG
Perfume: The Story of a Murderer,R
Perrier's Bounty,R
Persepolis,PG-13
Pet Sematary,R
Pete's Dragon,PG
Phantasm II,R
Phat Girlz,PG-13
Phenomenon,PG
Philadelphia,PG-13
Philomena,PG-13
Phone Booth,R
Pi,R
Pieces of April,PG-13
Pierrot le Fou,Not Rated
Pineapple Express,R
Pink Flamingos,NC-17
Pink Narcissus,Not Rated
"Pink Ribbons, Inc.",Not Rated
Pinocchio,Approved
Piranha 3D,R
Pirate Radio,R
Pirates of the Caribbean: At World's End,PG-13
Pirates of the Caribbean: Dead Man's Chest,PG-13
Pirates of the Caribbean: On Stranger Tides,PG-13
Pirates of the Caribbean: The Curse of the Black Pearl,PG-13
Pitch Black,R
Pitch Perfect,PG-13
Pitch Perfect 2,PG-13
Pixels,PG-13
Planet 51,PG
Planet of the Apes,PG-13
Plastic,R
Platoon,R
Play It to the Bone,R
Playing for Keeps,PG-13
Please Give,R
Plush,R
Pocahontas,G
Pocketful of Miracles,Approved
Poetic Justice,R
Point Blank,Approved
Point Break,PG-13
Pokémon 3: The Movie,G
Police Academy,R
Police Academy: Mission to Moscow,PG
Polisse,Not Rated
Pollock,R
Poltergeist,PG
Poltergeist III,PG-13
Pompeii,PG-13
Pontypool,Not Rated
Ponyo,G
Pooh's Heffalump Movie,G
Poolhall Junkies,R
Pootie Tang,PG-13
Porky's,R
Poseidon,PG-13
Post Grad,PG-13
Poultrygeist: Night of the Chicken Dead,Unrated
Pound of Flesh,R
Practical Magic,PG-13
Preacher,TV-MA
Precious,R
Predator,R
Predator 2,R
Predators,R
Prefontaine,PG-13
Premium Rush,PG-13
Premonition,PG-13
Pretty Woman,R
Pride & Prejudice,PG
Pride and Glory,R
Pride and Prejudice and Zombies,PG-13
Priest,PG-13
Primary Colors,R
Primer,PG-13
Prince of Persia: The Sands of Time,PG-13
Princess Kaiulani,PG
Princess Mononoke,PG-13
Prison,R
Prisoners,R
Private Benjamin,R
Project Almanac,PG-13
Project X,R
Prom,PG
Prom Night,PG-13
Prometheus,R
Promised Land,R
Proof of Life,R
Prophecy,PG
Proud,PG
Psych,TV-PG
Psycho,R
Psycho Beach Party,Unrated
Public Enemies,R
Pulp Fiction,R
Pulse,PG-13
Punch-Drunk Love,R
Punisher: War Zone,R
Pushing Tin,R
Puss in Boots,PG
Quantum of Solace,PG-13
Quarantine,R
Quartet,PG-13
Queen of the Damned,R
Queen of the Mountains,PG-13
Quest for Fire,R
Quigley Down Under,PG-13
Quills,R
Quinceañera,R
Quo Vadis,Passed
R.I.P.D.,PG-13
R.L. Stine's Monsterville: The Cabinet of Souls,PG
R100,Unrated
RED,PG-13
RED 2,PG-13
Rabbit Hole,PG-13
Rabbit-Proof Fence,PG
Race,PG-13
Race to Witch Mountain,PG
Rachel Getting Married,R
Racing Stripes,PG
Radio,PG
Radio Days,PG
Radio Flyer,PG-13
Raging Bull,R
Raiders of the Lost Ark,PG
Rain Man,R
Raise Your Voice,PG
Raise the Titanic,PG
Raising Cain,R
Raising Helen,PG-13
Raising Victor Vargas,R
Rambo III,R
Rambo: First Blood Part II,R
Ramona and Beezus,G
Rampage,R
Random Hearts,R
Rang De Basanti,Not Rated
Rango,PG
Ransom,R
Rapa Nui,R
Rat Race,PG-13
Ratatouille,G
Ravenous,R
Ray,PG-13
Raymond Did It,Unrated
Re-Kill,R
Ready to Rumble,PG-13
Real Steel,PG-13
Real Women Have Curves,PG-13
Rebecca,Not Rated
Recess: School's Out,G
Red Cliff,R
Red Dawn,PG-13
Red Dog,PG
Red Dragon,R
Red Eye,PG-13
Red Lights,R
Red Planet,PG-13
Red Riding Hood,PG-13
Red Riding: In the Year of Our Lord 1974,Not Rated
Red River,Approved
Red Sky,PG-13
Red Sonja,PG-13
Red State,R
Red Tails,PG-13
Redacted,R
Redbelt,R
Redemption Road,PG-13
Reds,PG
Regression,R
Reign Over Me,R
Reign of Assassins,R
Reign of Fire,PG-13
Reindeer Games,R
Religulous,R
Remember Me,PG-13
"Remember Me, My Love",R
Remember the Titans,PG
Renaissance,R
Renaissance Man,PG-13
Rendition,R
Reno 911!: Miami,R
Rent,PG-13
Repo Man,R
Repo Men,R
Repo! The Genetic Opera,R
Requiem for a Dream,R
Rescue Dawn,PG-13
Reservoir Dogs,R
Resident Evil,R
Resident Evil: Afterlife,R
Resident Evil: Apocalypse,R
Resident Evil: Extinction,R
Resident Evil: Retribution,R
Resurrecting the Champ,PG-13
Return of the Living Dead III,R
Return to Me,PG
Return to Never Land,G
Return to Oz,PG
Return to the Blue Lagoon,PG-13
Revolution,TV-14
Revolutionary Road,R
Richard III,R
Riddick,R
Ride Along,PG-13
Ride Along 2,PG-13
Ride with the Devil,R
Riding Giants,PG-13
Riding in Cars with Boys,PG-13
Righteous Kill,R
Rio,G
Rio 2,G
Ripley's Game,R
Rise of the Entrepreneur: The Search for a Better Way,G
Rise of the Guardians,PG
Rise of the Planet of the Apes,PG-13
Risen,PG-13
River's Edge,R
Rize,PG-13
Ri¢hie Ri¢h,PG
Road House,R
Road Trip,R
Road to Perdition,R
Roadside Romeo,PG
Roar,PG
Rob Roy,R
Robin Hood,PG-13
Robin Hood: Prince of Thieves,PG-13
Robin and Marian,PG
RoboCop,PG-13
RoboCop 3,PG-13
Robot & Frank,PG-13
Robot Chicken,TV-MA
Robots,PG
Rock Star,R
Rock of Ages,PG-13
Rockaway,R
RocknRolla,R
Rocky,PG
Rocky Balboa,PG
Rodeo Girl,PG
Roger & Me,R
Role Models,R
Roll Bounce,PG-13
Rollerball,R
Romance & Cigarettes,R
Romantic Schemer,PG-13
Romeo + Juliet,PG-13
Romeo Is Bleeding,R
Romeo Must Die,R
Ronin,R
Room,R
Rosemary's Baby,R
Rosewater,R
Rounders,R
Royal Kill,PG-13
Rubber,R
Ruby in Paradise,R
Rudderless,R
Rugrats Go Wild,PG
Rugrats in Paris: The Movie,G
Rules of Engagement,TV-PG
Rumble in the Bronx,R
Run All Night,R
Run Lola Run,R
"Run, Fatboy, Run",PG-13
Runaway Bride,PG
Runner Runner,R
Running Scared,R
Running with Scissors,R
Rush,R
Rush Hour,TV-14
Rush Hour 2,PG-13
Rush Hour 3,PG-13
Rushmore,R
Rust,PG
S.W.A.T.,PG-13
Sabotage,R
"Sabrina, the Teenage Witch",TV-G
Safe,R
Safe Haven,PG-13
Safe House,R
Safe Men,R
Safety Not Guaranteed,R
Sahara,PG-13
Saint John of Las Vegas,R
Saint Ralph,PG-13
Saints and Soldiers,PG-13
Salt,PG-13
Salvador,R
Salvation Boulevard,R
Samsara,PG-13
San Andreas,PG-13
Sanctum,R
Sands of Iwo Jima,Approved
Sarah's Key,PG-13
Sausage Party,R
Savage Grace,Not Rated
Savages,R
Save the Last Dance,PG-13
Saved!,PG-13
Saving Face,R
Saving Grace,TV-MA
Saving Mr. Banks,PG-13
Saving Private Perez,PG-13
Saving Private Ryan,R
Saving Silverman,PG-13
Saw,R
Saw 3D: The Final Chapter,R
Saw II,R
Saw III,R
Saw IV,R
Saw V,R
Saw VI,R
Say It Isn't So,R
Scarface,R
Scary Movie 2,R
Scary Movie 3,PG-13
Scary Movie 4,PG-13
Scary Movie 5,PG-13
Schindler's List,R
School Daze,R
School for Scoundrels,PG-13
School of Rock,PG-13
Scooby-Doo,PG
Scooby-Doo 2: Monsters Unleashed,PG
Scoop,PG-13
Scott Pilgrim vs. the World,PG-13
Scream,R
Scream 2,R
Scream 3,R
Scream 4,R
Scream: The TV Series,TV-14
Screwed,PG-13
Scrooged,PG-13
Se7en,R
Sea of Love,R
Seabiscuit,PG-13
Secondhand Lions,PG
Secret Window,PG-13
Secret in Their Eyes,PG-13
Secretariat,PG
Secretary,R
See Spot Run,PG
Seed of Chucky,R
Seeking a Friend for the End of the World,R
Selena,PG
Self/less,PG-13
Selma,PG-13
Semi-Pro,R
Sense and Sensibility,PG
September Dawn,R
Serendipity,PG-13
Serenity,PG-13
Serial Mom,R
Serving Sara,PG-13
Session 9,R
Set It Off,R
Seven Pounds,PG-13
Seven Psychopaths,R
Seven Samurai,Unrated
Seven Years in Tibet,PG-13
Seventh Son,PG-13
Severance,R
Sex Drive,R
Sex Tape,R
Sex and the City,TV-MA
Sex and the City 2,R
"Sex, Lies, and Videotape",R
Sexy Beast,R
Sgt. Bilko,PG
Shade,R
Shadow Conspiracy,R
Shadow of the Vampire,R
Shadowlands,PG
Shaft,R
Shakespeare in Love,R
Shalako,PG
Shall We Dance,PG-13
Shallow Hal,PG-13
Shame,NC-17
Shanghai Calling,PG-13
Shanghai Knights,PG-13
Shanghai Noon,PG-13
Shanghai Surprise,PG-13
Shaolin Soccer,PG
Shark Lake,Not Rated
Shark Night 3D,PG-13
Shark Tale,PG
Sharknado,TV-14
Shattered,R
Shattered Glass,PG-13
Shaun of the Dead,R
Shaun the Sheep,TV-G
She Done Him Wrong,Approved
She Wore a Yellow Ribbon,Unrated
She's All That,PG-13
She's Gotta Have It,R
She's Out of My League,R
She's the Man,PG-13
She's the One,R
Sheena,PG
Sherlock Holmes,PG-13
Sherlock Holmes: A Game of Shadows,PG-13
Sherrybaby,R
Shine,PG-13
Shine a Light,PG-13
Shinjuku Incident,R
Shipwrecked,PG
Sholem Aleichem: Laughing in the Darkness,Unrated
Shooter,R
Shooting Fish,PG
Shopgirl,R
Short Cut to Nirvana: Kumbh Mela,Unrated
Shortbus,Unrated
Shorts,PG
Shotgun Stories,PG-13
Show Boat,Approved
Show Me,R
Showdown in Little Tokyo,R
Showgirls,NC-17
Shrek,PG
Shrek 2,PG
Shrek Forever After,PG
Shrek the Third,PG
Shutter,PG-13
Shutter Island,R
Sicario,R
Sicko,PG-13
Side Effects,R
Sideways,R
Signs,PG-13
Silent Hill,R
Silent Hill: Revelation 3D,R
Silent House,R
Silent Movie,PG
Silent Running,GP
Silent Trigger,R
Silver Linings Playbook,R
Silverado,PG-13
Simon Birch,PG
Simply Irresistible,PG-13
Sin City,R
Sin City: A Dame to Kill For,R
Sinbad: Legend of the Seven Seas,PG
Singin' in the Rain,Approved
Sinister,R
Sinister 2,R
Sisters in Law,Not Rated
Six Days Seven Nights,PG-13
Six-String Samurai,PG-13
Skin Trade,R
Sky Captain and the World of Tomorrow,PG
Sky High,PG
Skyfall,PG-13
Skyline,PG-13
Slacker,R
Slackers,R
Slam,R
Sleep Dealer,PG-13
Sleep Tight,Not Rated
Sleeper,PG
Sleepers,R
Sleepover,PG
Sleepy Hollow,TV-14
Sliding Doors,R
Sling Blade,R
Slither,R
Slow Burn,R
Slow West,R
Slumdog Millionaire,R
Slums of Beverly Hills,R
Small Apartments,R
Small Soldiers,PG-13
Small Time Crooks,PG
Smiling Fish & Goat on Fire,R
Smilla's Sense of Snow,R
Smoke Signals,PG-13
Smokin' Aces,R
Snake Eyes,R
Snakes on a Plane,R
Snatch,R
Snitch,PG-13
Snow Angels,R
Snow Day,PG
Snow Dogs,PG
Snow Falling on Cedars,PG-13
Snow Flower and the Secret Fan,PG-13
Snow Queen,PG
Snow White and the Huntsman,PG-13
Snow White and the Seven Dwarfs,Approved
Snow White: A Deadly Summer,PG-13
Snow White: A Tale of Terror,R
Snowpiercer,R
Solaris,PG
Soldier,R
Solitary Man,R
Some Guy Who Kills People,R
Some Like It Hot,Not Rated
Someone Like You...,PG-13
Something Borrowed,PG-13
Something Wicked,R
Something's Gotta Give,PG-13
Somewhere,R
Somewhere in Time,PG
Son of God,PG-13
Son of the Mask,PG
Song One,PG-13
Songcatcher,PG-13
Sonny with a Chance,TV-G
Sorcerer,PG
Sorority Boys,R
Sorority Row,R
Soul Food,R
Soul Men,R
Soul Plane,R
Soul Surfer,PG
Soul Survivors,PG-13
Sound of My Voice,R
Source Code,PG-13
South Park: Bigger Longer & Uncut,R
Southland Tales,R
Southpaw,R
Space Battleship Yamato,TV-14
Space Chimps,G
Space Cowboys,PG-13
Space Dogs,G
Space Jam,PG
Spaceballs,PG
Spaced Invaders,PG
Spanglish,PG-13
Sparkle,PG-13
Sparkler,R
Spartacus: War of the Damned,TV-MA
Spawn,R
Special,R
Species,R
Spectre,PG-13
Speed,R
Speed 2: Cruise Control,PG-13
Speed Racer,PG
Speedway Junky,R
Spellbound,Unrated
Sphere,PG-13
Sphinx,PG
Spice World,PG
Spider,R
Spider-Man,PG-13
Spider-Man 2,PG-13
Spider-Man 3,PG-13
Spirit: Stallion of the Cimarron,G
Spirited Away,PG
Splash,PG
Splice,R
Split Second,R
Spotlight,R
Spring Breakers,R
Spun,R
Spy Game,R
Spy Hard,PG-13
Spy Kids,PG
Spy Kids 2: Island of Lost Dreams,PG
Spy Kids 3-D: Game Over,PG
Spy Kids: All the Time in the World in 4D,PG
St. Trinian's,PG-13
St. Vincent,PG-13
Stake Land,R
Stan Helsing,R
Stand by Me,R
Standard Operating Procedure,R
Standing Ovation,PG
Star Trek,PG-13
Star Trek Beyond,PG-13
Star Trek II: The Wrath of Khan,PG
Star Trek III: The Search for Spock,PG
Star Trek IV: The Voyage Home,PG
Star Trek Into Darkness,PG-13
Star Trek V: The Final Frontier,PG
Star Trek VI: The Undiscovered Country,PG
Star Trek: First Contact,PG-13
Star Trek: Generations,PG
Star Trek: Insurrection,PG
Star Trek: Nemesis,PG-13
Star Trek: The Motion Picture,PG
Star Wars: Episode I - The Phantom Menace,PG
Star Wars: Episode II - Attack of the Clones,PG
Star Wars: Episode III - Revenge of the Sith,PG-13
Star Wars: Episode IV - A New Hope,PG
Star Wars: Episode V - The Empire Strikes Back,PG
Star Wars: Episode VI - Return of the Jedi,PG
Star Wars: The Clone Wars,TV-PG
Stardust,PG-13
Stargate SG-1,TV-14
Starship Troopers,R
Starsky & Hutch,PG-13
State Fair,Approved
State of Play,PG-13
Stay Alive,PG-13
Stealing Harvard,PG-13
Stealth,PG-13
Steamboy,PG-13
Steel,PG-13
Step Brothers,R
Step Up,PG-13
Step Up 2: The Streets,PG-13
Step Up 3D,PG-13
Step Up Revolution,PG-13
Stepmom,PG-13
Steppin: The Movie,PG-13
Steve Jobs,R
Stick It,PG-13
Stiff Upper Lips,R
Stigmata,R
Still Alice,PG-13
Stir of Echoes,R
Stitches,R
Stoker,R
Stolen,R
Stolen Summer,PG
Stomp the Yard,PG-13
Stone,R
Stone Cold,R
Stonewall,R
Stop-Loss,R
Straight A's,R
Straight Out of Brooklyn,R
Straight Outta Compton,R
Strange Wilderness,R
Stranger Than Fiction,PG-13
Strangerland,R
Strangers with Candy,TV-14
Straw Dogs,R
Street Fighter,PG-13
Street Fighter: The Legend of Chun-Li,PG-13
Street Kings,R
Stripes,R
Striptease,R
Stuart Little,PG
Stuart Little 2,PG
Stuck on You,PG-13
Stung,Not Rated
Subconscious,R
Sublime,R
Submarine,R
Subway,R
Sucker Punch,PG-13
Sugar Hill,R
Sugar Town,R
Suicide Squad,PG-13
Summer Catch,PG-13
Summer Storm,R
Summer of Sam,R
Sunday School Musical,G
Sunshine,R
Sunshine Cleaning,R
Sunshine State,PG-13
Super,R
Super 8,PG-13
Super Hybrid,PG-13
Super Mario Bros.,PG
Super Size Me,PG
Super Troopers,R
Superbabies: Baby Geniuses 2,PG
Superbad,R
Supercapitalist,Not Rated
Supercross,PG-13
Superhero Movie,PG-13
Superman,PG
Superman II,PG
Superman III,PG
Superman IV: The Quest for Peace,PG
Superman Returns,PG-13
Supernova,PG-13
Superstar,PG-13
Supporting Characters,Not Rated
Surf's Up,PG
"Surfer, Dude",R
Surrogates,PG-13
Survival of the Dead,R
Survivor,PG-13
Suspect Zero,R
Sweet Charity,G
Sweet Home Alabama,PG-13
Sweet November,PG-13
Sweet Sweetback's Baadasssss Song,R
Swelter,R
Swept Away,R
Swimfan,PG-13
Swimming Pool,R
Swing Vote,PG-13
Swingers,R
Switchback,R
Swordfish,R
Sydney White,PG-13
"Synecdoche, New York",R
Syriana,R
TMNT,PG
TRON: Legacy,PG
Tadpole,PG-13
Tae Guk Gi: The Brotherhood of War,R
Take Me Home Tonight,R
Take Shelter,R
Take the Lead,PG-13
Taken,PG-13
Taken 2,PG-13
Taken 3,PG-13
Takers,PG-13
Taking Woodstock,R
Tales from the Crypt: Demon Knight,R
Tales from the Hood,R
Talk Radio,R
Talladega Nights: The Ballad of Ricky Bobby,PG-13
Tammy,R
Tangled,PG
Tango,PG-13
Tango & Cash,R
Tank Girl,R
Tanner Hall,R
Tarnation,Unrated
Taxi Driver,R
Taxi to the Dark Side,R
Taxman,R
Tea with Mussolini,PG
Teacher's Pet,PG
Team America: World Police,R
Tears of the Sun,R
Ted,R
Ted 2,R
Teen Wolf Too,PG
Teenage Mutant Ninja Turtles,PG-13
Teenage Mutant Ninja Turtles II: The Secret of the Ooze,PG
Teenage Mutant Ninja Turtles III,PG
Teenage Mutant Ninja Turtles: Out of the Shadows,PG-13
Teeth,R
Terminator 2: Judgment Day,R
Terminator 3: Rise of the Machines,R
Terminator Genisys,PG-13
Terminator Salvation,PG-13
Texas Chainsaw 3D,R
Texas Rangers,PG-13
Thank You for Smoking,R
That Awkward Moment,R
That Thing You Do!,PG
That's My Boy,R
The 13th Warrior,R
The 33,PG-13
The 40-Year-Old Virgin,R
The 41-Year-Old Virgin Who Knocked Up Sarah Marshall and Felt Superbad About It,R
The 5th Quarter,PG
The 5th Wave,PG-13
The 6th Day,PG-13
The A-Team,TV-PG
The Abyss,PG-13
The Act of Killing,Not Rated
The Addams Family,PG-13
The Adjustment Bureau,PG-13
The Adventurer: The Curse of the Midas Box,PG
The Adventures of Elmo in Grouchland,G
The Adventures of Ford Fairlane,R
The Adventures of Huck Finn,PG
The Adventures of Pinocchio,G
The Adventures of Pluto Nash,PG-13
The Adventures of Rocky & Bullwinkle,PG
The Adventures of Sharkboy and Lavagirl 3-D,PG
The Adventures of Tintin,PG
The Age of Adaline,PG-13
The Age of Innocence,PG
The Alamo,PG-13
The Amazing Spider-Man,PG-13
The Amazing Spider-Man 2,PG-13
The American,R
The American President,PG-13
The Amityville Horror,R
The Andromeda Strain,G
The Angry Birds Movie,PG
The Animal,PG-13
The Ant Bully,PG
The Apartment,Approved
The Apostle,PG-13
The Apparition,PG-13
The Art of Getting By,PG-13
The Art of War,R
The Artist,PG-13
The Assassin,Not Rated
The Assassination of Jesse James by the Coward Robert Ford,R
The Astronaut Farmer,PG
The Astronaut's Wife,R
The Avengers,PG-13
The Aviator,PG-13
The Awakening,R
The BFG,PG
The Baader Meinhof Complex,R
The Back-up Plan,PG-13
The Bad News Bears,PG
The Ballad of Cable Hogue,R
The Ballad of Jack and Rose,R
The Banger Sisters,R
The Bank Job,R
The Barbarian Invasions,R
The Barbarians,R
The Basket,PG
The Battle of Shaker Heights,PG-13
The Beach,R
"The Beast from 20,000 Fathoms",Approved
The Beastmaster,PG
The Beaver,PG-13
The Believer,R
The Benchwarmers,PG-13
The Best Exotic Marigold Hotel,PG-13
The Best Little Whorehouse in Texas,R
The Best Man,R
The Best Man Holiday,R
The Best Offer,R
The Best Years of Our Lives,Not Rated
The Best of Me,PG-13
The Beyond,X
The Big Bounce,PG-13
The Big Hit,R
The Big Lebowski,R
The Big Parade,Not Rated
The Big Short,R
The Big Tease,R
The Big Wedding,R
The Big Year,PG
The Birth of a Nation,R
The Black Dahlia,R
The Black Hole,PG
The Black Stallion,G
The Blair Witch Project,R
The Blind Side,PG-13
The Blood of Heroes,R
The Blue Bird,Approved
The Blue Butterfly,PG
The Blue Lagoon,R
The Blue Room,R
The Blues Brothers,R
The Bodyguard,R
The Bold and the Beautiful,TV-14
The Bone Collector,R
The Book Thief,PG-13
The Book of Eli,R
The Book of Life,PG
"The Book of Mormon Movie, Volume 1: The Journey",PG-13
The Boondock Saints,R
The Boondock Saints II: All Saints Day,R
The Borrowers,PG
The Boss,R
The Bounty,PG
The Bounty Hunter,PG-13
The Bourne Identity,PG-13
The Bourne Legacy,PG-13
The Bourne Supremacy,PG-13
The Bourne Ultimatum,PG-13
The Box,PG-13
The Boxtrolls,PG
The Boy,PG-13
The Boy Next Door,R
The Boy in the Striped Pajamas,PG-13
The Boys from Brazil,R
The Brain That Wouldn't Die,Approved
The Brass Teapot,R
The Brave Little Toaster,Not Rated
The Break-Up,PG-13
The Bridge of San Luis Rey,PG
The Bridge on the River Kwai,PG
The Bridges of Madison County,PG-13
The Broadway Melody,Passed
The Broken Hearts Club: A Romantic Comedy,R
The Brothers,R
The Brothers Bloom,PG-13
The Brothers Grimm,PG-13
The Brothers McMullen,R
The Brothers Solomon,R
The Brown Bunny,Not Rated
The Bubble,Unrated
The Bucket List,PG-13
The Business of Strangers,R
The Butterfly Effect,R
The Cabin in the Woods,R
The Cable Guy,PG-13
The Californians,PG
The Call,R
The Calling,R
The Campaign,R
The Canyons,R
The Cat in the Hat,PG
The Cave,PG-13
The Caveman's Valentine,R
The Celebration,R
The Cell,R
The Change-Up,R
The Charge of the Light Brigade,Approved
The Children of Huang Shi,R
The Chorus,PG-13
The Christmas Bunny,PG
The Christmas Candle,PG
The Chronicles of Narnia: Prince Caspian,PG
"The Chronicles of Narnia: The Lion, the Witch and the Wardrobe",PG
The Chronicles of Narnia: The Voyage of the Dawn Treader,PG
The Chronicles of Riddick,PG-13
The Chumscrubber,R
The Circle,Not Rated
The City of Your Final Destination,PG-13
The Claim,R
The Clan of the Cave Bear,R
The Class,PG-13
The Client,PG-13
The Cold Light of Day,PG-13
The Collection,R
The Color Purple,PG-13
The Color of Freedom,R
The Color of Money,R
The Conformist,R
The Conjuring,R
The Conjuring 2,R
The Conspirator,PG-13
The Constant Gardener,R
The Contender,R
The Conversation,PG
The Cookout,PG-13
The Cooler,R
The Core,PG-13
The Corruptor,R
The Cottage,Unrated
The Cotton Club,R
The Counselor,R
The Count of Monte Cristo,PG-13
The Country Bears,G
The Covenant,PG-13
The Craft,R
The Crazies,R
The Crew,PG-13
The Crocodile Hunter: Collision Course,PG
The Croods,PG
The Crow,R
The Cry of the Owl,R
The Crying Game,R
The Curious Case of Benjamin Button,PG-13
The Curse of the Jade Scorpion,PG-13
The Curse of the Were-Rabbit,G
The DUFF,PG-13
The Da Vinci Code,PG-13
The Damned United,R
The Dangerous Lives of Altar Boys,R
The Dark Hours,R
The Dark Knight,PG-13
The Dark Knight Rises,PG-13
The Darkest Hour,PG-13
The Day After Tomorrow,PG-13
The Day the Earth Stood Still,PG-13
The Dead Girl,R
The Dead Undead,R
The Dead Zone,R
The Dead Zone,TV-14
The Death and Life of Bobby Z,R
The Debt,R
The Deep End of the Ocean,PG-13
The Deer Hunter,R
The Departed,R
The Deported,PG-13
The Descendants,R
The Descent,R
The Devil Inside,R
The Devil Wears Prada,PG-13
The Devil's Advocate,R
The Devil's Double,R
The Devil's Own,R
The Devil's Rejects,R
The Devil's Tomb,R
The Diary of a Teenage Girl,R
The Dictator,R
The Dilemma,PG-13
The Dirties,Not Rated
The Divide,R
The Diving Bell and the Butterfly,PG-13
The Dog Lover,PG
The Doors,R
The Duchess,PG-13
The Dukes of Hazzard,PG-13
The East,PG-13
The Eclipse,R
The Edge,R
The Egyptian,Approved
The Elephant Man,PG
The Emperor's Club,PG-13
The Emperor's New Groove,G
The End of the Affair,R
The English Patient,R
The Equalizer,R
The Evil Dead,NC-17
The Exorcism of Emily Rose,PG-13
The Exorcist,R
The Expendables,R
The Expendables 2,R
The Expendables 3,PG-13
The Exploding Girl,Unrated
The Express,PG
The Extra Man,R
The Eye,PG-13
The FP,R
The Face of an Angel,Not Rated
The Faculty,R
The Fall of the Roman Empire,Approved
The Family,TV-PG
The Family Man,PG-13
The Family Stone,PG-13
The Fan,R
The Fast and the Furious,PG-13
The Fast and the Furious: Tokyo Drift,PG-13
The Fault in Our Stars,PG-13
The Fifth Element,PG-13
The Fifth Estate,R
The Fighter,R
The Final Destination,R
The Finest Hours,PG-13
The Firm,R
The First Wives Club,PG
The Fisher King,R
The Five-Year Engagement,R
The Flintstones,PG
The Flintstones in Viva Rock Vegas,PG
The Flower of Evil,R
The Flowers of War,R
The Fog,R
The Following,TV-14
The Forbidden Kingdom,PG-13
The Forest,PG-13
The Forsaken,R
The Fountain,PG-13
The Four Feathers,PG-13
The Four Seasons,PG
The Fourth Kind,PG-13
The French Connection,R
The Front Page,PG
The Frozen,PG-13
The Frozen Ground,R
The Fugitive,PG-13
The Full Monty,R
The Funeral,R
The Gallows,R
The Gambler,R
The Game,R
The Game Plan,PG
The Game of Their Lives,PG
The Gatekeepers,PG-13
The General's Daughter,R
The Ghastly Love of Johnny X,Not Rated
The Ghost Writer,PG-13
The Ghost and the Darkness,R
The Gift,R
The Girl Next Door,R
The Girl on the Train,Unrated
The Girl with the Dragon Tattoo,R
The Girlfriend Experience,TV-MA
The Giver,PG-13
The Glass House,PG-13
The Glimmer Man,R
The Godfather,R
The Godfather: Part II,R
The Godfather: Part III,R
The Golden Child,PG-13
The Golden Compass,PG-13
The Good Dinosaur,PG
The Good German,R
The Good Girl,R
The Good Guy,R
The Good Heart,R
The Good Night,R
The Good Thief,R
"The Good, the Bad and the Ugly",Approved
"The Good, the Bad, the Weird",R
"The Goods: Live Hard, Sell Hard",R
The Grace Card,PG-13
The Grand Budapest Hotel,R
The Grandmaster,PG-13
The Great Beauty,Not Rated
The Great Debaters,PG-13
The Great Escape,Approved
The Great Gatsby,PG-13
The Great Raid,R
The Great Train Robbery,PG
The Greatest,R
The Greatest Game Ever Played,PG
The Greatest Movie Ever Sold,PG-13
The Greatest Show on Earth,Not Rated
The Greatest Story Ever Told,G
The Green Hornet,PG-13
The Green Inferno,R
The Green Mile,R
The Grey,R
The Grudge,PG-13
The Grudge 2,PG-13
The Guard,R
The Guilt Trip,PG-13
The Gunman,R
The Guru,R
The Hammer,R
The Hangover,R
The Hangover Part II,R
The Happening,R
The Hateful Eight,R
The Haunted Mansion,PG
The Haunting,PG-13
The Haunting in Connecticut 2: Ghosts of Georgia,R
The Haunting of Molly Hartley,PG-13
The Heart of Me,R
The Heat,R
The Hebrew Hammer,R
The Helix... Loaded,R
The Help,PG-13
The Hills Have Eyes,R
The Hills Have Eyes II,R
The History Boys,R
The Hit List,R
The Hitchhiker's Guide to the Galaxy,PG
The Hoax,R
The Hobbit: An Unexpected Journey,PG-13
The Hobbit: The Battle of the Five Armies,PG-13
The Hobbit: The Desolation of Smaug,PG-13
The Hole,PG-13
The Holiday,PG-13
The Holy Girl,R
The Homesman,R
The Horse Boy,Unrated
The Horse Whisperer,PG-13
The Horseman on the Roof,R
The Host,PG-13
The Host,R
The Hotel New Hampshire,R
The Hours,PG-13
The House Bunny,PG-13
The House of Mirth,PG
The House of the Devil,R
The Howling,R
The Hudsucker Proxy,PG
The Hunchback of Notre Dame,G
The Hundred-Foot Journey,PG
The Hunger Games,PG-13
The Hunger Games: Catching Fire,PG-13
The Hunger Games: Mockingjay - Part 1,PG-13
The Hunger Games: Mockingjay - Part 2,PG-13
The Hunt,R
The Hunt for Red October,PG
The Hunted,R
The Hunting Party,R
The Huntsman: Winter's War,PG-13
The Hurricane,R
The Hurt Locker,R
The Hustler,Unrated
The I Inside,R
The Ice Pirates,PG
The Ice Storm,R
The Iceman,R
The Ides of March,R
The Illusionist,PG-13
The Imaginarium of Doctor Parnassus,PG-13
The Imitation Game,PG-13
The Immigrant,R
The Importance of Being Earnest,PG
The Impossible,PG-13
The In Crowd,PG-13
The Inbetweeners,TV-14
The Incredible Burt Wonderstone,PG-13
The Incredible Hulk,PG-13
The Incredibles,PG
The Incredibly True Adventure of Two Girls in Love,R
The Indian in the Cupboard,PG
The Infiltrator,R
The Informant!,R
The Informers,R
The Inkwell,R
The Innkeepers,R
The Insider,R
The Intern,PG-13
The International,R
The Internship,PG-13
The Interpreter,PG-13
The Interview,R
The Invasion,PG-13
The Invention of Lying,PG-13
The Iron Giant,PG
The Iron Lady,PG-13
The Island,PG-13
The Island of Dr. Moreau,PG-13
The Italian Job,PG-13
The Jackal,R
The Jacket,R
The Janky Promoters,R
The Jerky Boys,R
The Jimmy Show,R
The Joneses,R
The Judge,R
The Jungle Book,PG
The Jungle Book 2,G
The Juror,R
The Karate Kid,PG
The Kentucky Fried Movie,R
The Kid,PG
The Kids Are All Right,R
The Killer Inside Me,R
The King of Najayo,R
The King's Speech,R
The Kingdom,R
The Kite Runner,PG-13
The Ladies Man,R
The Lady from Shanghai,Not Rated
The Ladykillers,R
The Lake House,PG
The Land Before Time,G
The Land Girls,R
The Last Airbender,PG
The Last Big Thing,R
The Last Castle,R
The Last Days on Mars,R
The Last Dragon,PG-13
The Last Emperor,PG-13
The Last Exorcism,PG-13
The Last Exorcism Part II,PG-13
The Last Five Years,PG-13
The Last Godfather,PG-13
The Last House on the Left,R
The Last King of Scotland,R
The Last Legion,PG-13
The Last Samurai,R
The Last Shot,R
The Last Sin Eater,PG-13
The Last Song,PG
The Last Stand,R
The Last Station,R
The Last Temptation of Christ,R
The Last Time I Committed Suicide,R
The Last Waltz,PG
The Last Witch Hunter,PG-13
The Last of the Mohicans,R
The Lawnmower Man,R
The Lazarus Effect,PG-13
The League of Extraordinary Gentlemen,PG-13
The Legend of Bagger Vance,PG-13
The Legend of Drunken Master,R
The Legend of God's Gun,R
The Legend of Hell's Gate: An American Conspiracy,PG-13
The Legend of Hercules,PG-13
The Legend of Suriyothai,R
The Legend of Tarzan,PG-13
The Legend of Zorro,PG
The Legend of the Lone Ranger,PG
The Lego Movie,PG
The Libertine,R
The Life Aquatic with Steve Zissou,R
The Life Before Her Eyes,R
The Life of David Gale,R
The Limey,R
The Lincoln Lawyer,R
The Lion King,G
The Lion of Judah,PG
The Little Prince,PG
The Little Vampire,PG
The Lives of Others,R
The Living Daylights,PG
The Living Wake,PG-13
The Lizzie McGuire Movie,PG
The Lone Ranger,PG-13
The Long Kiss Goodnight,R
The Long Riders,R
The Longest Day,G
The Longest Ride,PG-13
The Longest Yard,PG-13
The Longshots,PG
The Lord of the Rings: The Fellowship of the Ring,PG-13
The Lord of the Rings: The Return of the King,PG-13
The Lord of the Rings: The Two Towers,PG-13
The Lords of Salem,R
The Losers,PG-13
The Loss of Sexual Innocence,R
The Lost Boys,R
The Lost City,R
The Lost Medallion: The Adventures of Billy Stone,PG
The Lost Skeleton of Cadavra,PG
The Lost Weekend,Not Rated
The Lost World: Jurassic Park,PG-13
The Love Guru,PG-13
The Love Letter,Unrated
The Loved Ones,R
The Lovely Bones,PG-13
The Lovers,R
The Lucky One,PG-13
The Lucky Ones,R
The Lunchbox,PG
The Machinist,R
The Magic Sword: Quest for Camelot,G
The Majestic,PG
The Man,PG-13
The Man Who Knew Too Little,PG
The Man Who Shot Liberty Valance,Approved
The Man from Earth,Not Rated
The Man from Snowy River,PG
The Man from U.N.C.L.E.,PG-13
The Man in the Iron Mask,PG-13
The Man with the Golden Gun,PG
The Man with the Iron Fists,R
The Manchurian Candidate,R
The Marine,PG-13
The Marine 4: Moving Target,R
The Martian,PG-13
The Mask,PG-13
The Mask of Zorro,PG-13
The Masked Saint,PG-13
The Master,R
The Master of Disguise,PG
The Matador,R
The Matrix,R
The Matrix Reloaded,R
The Matrix Revolutions,R
The Maze Runner,PG-13
The Mechanic,R
The Medallion,PG-13
The Men Who Stare at Goats,R
The Merchant of Venice,R
The Messenger,R
The Messenger: The Story of Joan of Arc,R
The Mexican,R
The Midnight Meat Train,R
The Mighty,PG-13
The Mighty Ducks,PG
The Mighty Macs,G
The Mirror Has Two Faces,PG-13
The Misfits,Approved
The Mist,R
The Molly Maguires,PG
The Mongol King,PG-13
The Monuments Men,PG-13
The Mortal Instruments: City of Bones,PG-13
The Mothman Prophecies,PG-13
The Mudge Boy,R
The Mummy Returns,PG-13
The Mummy: Tomb of the Dragon Emperor,PG-13
The Muppet Christmas Carol,G
The Muppet Movie,G
The Muppets,PG
The Muse,PG-13
The Musketeer,PG-13
The Naked Gun 2½: The Smell of Fear,PG-13
The Names of Love,R
The Namesake,PG-13
The Nativity Story,PG
The Negotiator,R
The Neon Demon,R
The Net,PG-13
The NeverEnding Story,PG
The New Guy,PG-13
The New World,PG-13
The Newton Boys,PG-13
The Next Best Thing,PG-13
The Next Three Days,PG-13
The Night Listener,R
The Night Visitor,GP
The Ninth Gate,R
The Notebook,PG-13
The November Man,R
The Number 23,R
The Nun's Story,Not Rated
The Nut Job,PG
The Nutcracker,G
The Nutcracker in 3D,PG
The Nutty Professor,PG-13
The O.C.,TV-PG
The Object of My Affection,R
The Odd Life of Timothy Green,PG
The Oh in Ohio,R
The Omega Code,PG-13
The Omen,R
The One,PG-13
The Oogieloves in the Big Balloon Adventure,G
The Open Road,PG-13
The Order,R
The Original Kings of Comedy,R
The Orphanage,R
The Other Boleyn Girl,PG-13
The Other Dream Team,Not Rated
The Other End of the Line,PG-13
The Other Guys,PG-13
The Other Side of Heaven,PG
The Other Woman,PG-13
The Others,PG-13
The Out-of-Towners,PG-13
The Outsiders,PG-13
The Oxford Murders,R
The Pacifier,PG
The Painted Veil,PG-13
The Pallbearer,PG-13
The Passion of the Christ,R
The Past is a Grotesque Animal,Unrated
The Patriot,R
The Peacemaker,R
The Peanuts Movie,G
The Pelican Brief,PG-13
The Perez Family,R
The Perfect Game,PG
The Perfect Host,R
The Perfect Man,PG
The Perfect Match,R
The Perfect Storm,PG-13
The Perfect Wave,PG
The Perks of Being a Wallflower,PG-13
The Phantom,PG
The Phantom of the Opera,PG-13
The Pianist,R
The Piano,R
The Pink Panther,PG
The Pirate,Approved
The Pirates Who Don't Do Anything: A VeggieTales Movie,G
The Pirates! Band of Misfits,PG
The Place Beyond the Pines,R
The Player,TV-14
The Players Club,R
The Pledge,R
The Poker House,R
The Polar Express,G
The Possession,PG-13
The Postman,R
The Postman Always Rings Twice,R
The Powerpuff Girls,TV-Y7
The Prestige,PG-13
The Prince,R
The Prince and Me,PG
The Prince of Egypt,PG
The Prince of Tides,R
The Princess Bride,PG
The Princess Diaries,G
The Princess Diaries 2: Royal Engagement,G
The Princess and the Cobbler,G
The Princess and the Frog,G
The Prisoner of Zenda,Approved
The Producers,PG-13
The Promise,PG-13
The Prophecy,R
The Proposal,PG-13
The Proposition,R
The Protector,R
The Puffy Chair,R
The Punisher,R
The Purge,R
The Purge: Anarchy,R
The Purge: Election Year,R
The Pursuit of D.B. Cooper,PG
The Pursuit of Happyness,PG-13
The Queen,PG-13
The Quick and the Dead,R
The Quiet,R
The Quiet American,R
The R.M.,PG
The Rage: Carrie 2,R
The Raid: Redemption,R
The Railway Man,R
The Rainmaker,PG-13
The Raven,R
The Reader,R
The Real Cancun,R
The Reaping,R
The Red Violin,R
The Reef,R
The Relic,R
The Remains of the Day,PG
The Replacement Killers,R
The Replacements,PG-13
The Return,Unrated
The Return of the Living Dead,R
The Return of the Pink Panther,G
The Returned,TV-MA
The Revenant,R
The Ridiculous 6,TV-14
The Right Stuff,PG
The Ring Two,PG-13
The Rise of the Krays,R
The Rite,PG-13
The River Wild,PG-13
The Road,R
The Road to El Dorado,PG
The Robe,Unrated
The Rock,R
The Rocker,PG-13
The Rocket: The Legend of Rocket Richard,PG
The Rookie,G
The Roommate,PG-13
The Rose,R
The Royal Tenenbaums,R
The Rugrats Movie,G
The Ruins,R
The Rules of Attraction,R
The Runaways,R
The Rundown,PG-13
The Running Man,R
The Saint,PG-13
The Salon,PG-13
The Salton Sea,R
The Santa Clause,PG
The Santa Clause 2,G
The Savages,R
The Scarlet Letter,R
The Scorch Trials,PG-13
The Score,R
The Scorpion King,PG-13
The Sea Inside,PG-13
The Second Best Exotic Marigold Hotel,PG
The Second Mother,R
The Secret Life of Bees,PG-13
The Secret Life of Pets,PG
The Secret Life of Walter Mitty,PG
The Secret in Their Eyes,R
The Secret of Kells,Not Rated
The Sentinel,PG-13
The Sessions,R
The Shadow,PG-13
The Shaggy Dog,PG
The Shallows,PG-13
The Shawshank Redemption,R
The Shining,R
The Shipping News,R
The Siege,R
The Signal,PG-13
The Silence of the Lambs,R
The Simpsons Movie,PG-13
The Singing Detective,R
The Singles Ward,PG
The Sisterhood of Night,PG-13
The Sisterhood of the Traveling Pants,PG
The Sisterhood of the Traveling Pants 2,PG-13
The Sitter,R
The Sixth Sense,PG-13
The Skeleton Key,PG-13
The Skeleton Twins,R
The Skulls,PG-13
The Slaughter Rule,R
The Sleepwalker,Not Rated
The Smurfs,PG
The Smurfs 2,PG
The Social Network,PG-13
The Soloist,PG-13
The Son of No One,R
The Sorcerer's Apprentice,PG
The Sound and the Shadow,R
The Sound of Music,G
The Spanish Prisoner,PG
The Specialist,R
The Specials,R
The Spectacular Now,R
The Spiderwick Chronicles,PG
The Spirit,PG-13
The SpongeBob Movie: Sponge Out of Water,PG
The SpongeBob SquarePants Movie,PG
The Spy Next Door,PG
The Spy Who Loved Me,PG
The Square,Not Rated
The Squid and the Whale,R
The Statement,R
The Station Agent,R
The Stepfather,PG-13
The Stepford Wives,PG-13
The Stewardesses,X
The Sting,PG
The Story of Us,R
The Straight Story,G
The Sum of All Fears,PG-13
The Sweeney,R
The Sweet Hereafter,R
The Sweetest Thing,R
The Switch,PG-13
The Tailor of Panama,R
The Taking of Pelham 1 2 3,R
The Tale of Despereaux,G
The Talented Mr. Ripley,R
The Tempest,PG-13
The Ten,R
The Terminal,PG-13
The Terminator,R
The Texas Chain Saw Massacre,R
The Texas Chainsaw Massacre 2,X
The Texas Chainsaw Massacre: The Beginning,R
The Theory of Everything,PG-13
The Thin Red Line,R
The Thing,R
The Thirteenth Floor,R
The Thomas Crown Affair,R
The Three Musketeers,PG-13
The Three Stooges,PG
The Tigger Movie,G
The Time Machine,PG-13
The Time Traveler's Wife,PG-13
The To Do List,R
The Torture Chamber of Dr. Sadism,M
The Tourist,PG-13
The Town,R
The Toxic Avenger,Unrated
The Toxic Avenger Part II,R
The Train,Unrated
The Transporter,PG-13
The Transporter Refueled,PG-13
The Tree of Life,PG-13
The Trials of Darryl Hunt,PG-13
The Triplets of Belleville,PG-13
The Trouble with Harry,Approved
The True Story of Puss'N Boots,G
The Truman Show,PG
The Tuxedo,PG-13
The Twilight Saga: Breaking Dawn - Part 2,PG-13
The Twilight Saga: Eclipse,PG-13
The Twilight Saga: New Moon,PG-13
The Ugly Truth,R
The Ultimate Gift,PG
The Unborn,PG-13
The Untouchables,R
The Upside of Anger,R
The Usual Suspects,R
The Valley of Decision,Passed
The Vatican Exorcisms,R
The Vatican Tapes,PG-13
The Veil,R
The Velocity of Gary,R
The Verdict,R
The Village,PG-13
The Virgin Suicides,R
The Virginity Hit,R
The Visit,PG-13
The Visual Bible: The Gospel of John,PG-13
The Vow,PG-13
The Wackness,R
The Wailing,Not Rated
The Walk,PG
The Walking Deceased,R
The Warlords,R
The Warrior's Way,R
The Wash,R
The Watch,R
The Watcher,R
The Water Diviner,R
The Waterboy,PG-13
The Way Way Back,PG-13
The Way of the Gun,R
The Weather Man,R
The Wedding Date,PG-13
The Wedding Planner,PG-13
The Wendell Baker Story,PG-13
The White Countess,PG-13
The White Ribbon,R
The Whole Nine Yards,R
The Whole Ten Yards,PG-13
The Wicked Lady,R
The Wicked Within,R
The Widow of Saint-Pierre,R
The Wild Bunch,R
The Wild Thornberrys Movie,PG
The Wind That Shakes the Barley,Not Rated
The Witch,R
The Wiz,G
The Wizard of Oz,Passed
The Wolf of Wall Street,R
The Wolfman,R
The Wolverine,PG-13
The Woman in Black,PG-13
The Women,PG-13
The Wood,R
The Words,PG-13
The Work and the Glory,PG
The Work and the Glory II: American Zion,PG-13
The World Is Not Enough,PG-13
The World's End,R
The World's Fastest Indian,PG-13
The Wraith,R
The Wrestler,R
The X Files,PG-13
The X Files: I Want to Believe,PG-13
The Yards,R
The Yellow Handkerchief,PG-13
The Young Messiah,PG-13
The Young Unknowns,R
The Young Victoria,PG
The Young and Prodigious T.S. Spivet,PG
There Be Dragons,PG-13
There Goes My Baby,R
There Will Be Blood,R
There's Something About Mary,R
They,PG-13
They Came Together,R
They Live,R
Things We Lost in the Fire,R
Things to Do in Denver When You're Dead,R
Think Like a Man,PG-13
Think Like a Man Too,PG-13
Thinner,R
Thir13en Ghosts,R
Thirteen,R
Thirteen Conversations About One Thing,R
Thirteen Days,PG-13
This Christmas,PG-13
This Is 40,R
This Is England,Unrated
This Is It,PG
This Is Martin Bonner,R
This Is Where I Leave You,R
This Is the End,R
This Means War,PG-13
This Thing of Ours,Not Rated
Thomas and the Magic Railroad,G
Thor,PG-13
Thor: The Dark World,PG-13
Thr3e,PG-13
Three Burials,R
Three Kingdoms: Resurrection of the Dragon,R
Three Kings,R
Three to Tango,PG-13
Thumbsucker,R
Thunderball,Approved
Thunderbirds,PG
Tidal Wave,R
Tiger Orange,Unrated
Tim and Eric's Billion Dollar Movie,R
Timber Falls,R
Time Bandits,PG
Time Changer,PG
Timecop,R
Timecrimes,R
Timeline,PG-13
Tin Cup,R
Tinker Tailor Soldier Spy,R
Tiny Furniture,Not Rated
Titan A.E.,PG
Titanic,PG-13
To Die For,R
To Kill a Mockingbird,Not Rated
To Rome with Love,R
To Save a Life,PG-13
Tom Jones,Unrated
Tombstone,R
Tomcats,R
Tomorrow Never Dies,PG-13
Tomorrowland,PG
Tootsie,PG
Top Cat Begins,PG
Top Five,R
Top Gun,PG
Top Hat,Approved
Topaz,M
Topsy-Turvy,R
Tora! Tora! Tora!,G
Torn Curtain,Approved
Torque,PG-13
Total Recall,R
Touching the Void,R
Tower Heist,PG-13
Town & Country,R
Toy Story,G
Toy Story 2,G
Toy Story 3,G
Tracker,R
Trade,R
Trade of Innocents,PG-13
Trading Places,R
Traffic,R
Train,R
Training Day,R
Trainspotting,R
Trainwreck,R
Trance,R
Transamerica,R
Transcendence,PG-13
Transformers,PG-13
Transformers: Age of Extinction,PG-13
Transformers: Dark of the Moon,PG-13
Transformers: Revenge of the Fallen,PG-13
Transporter 2,PG-13
Transsiberian,R
Trapeze,Approved
Trash,R
Treasure Planet,PG
Trees Lounge,R
Trekkies,PG
Tremors,PG-13
Triangle,R
Triple 9,R
Trippin',R
Tristram Shandy: A Cock and Bull Story,R
Trollhunter,PG-13
Troop Beverly Hills,PG
Tropic Thunder,R
Trouble with the Curve,PG-13
Troy,R
Trucker,R
True Grit,PG-13
True Lies,R
True Romance,R
Trust,R
Trust the Man,R
Truth or Die,Not Rated
Tsotsi,R
Tuck Everlasting,PG
Tucker and Dale vs Evil,R
Tumbleweeds,PG-13
Tupac: Resurrection,R
Turbo,PG
Turbulence,R
Tusk,R
Twilight,PG-13
Twilight Zone: The Movie,PG
Twin Falls Idaho,R
Twins,PG
Twister,PG-13
Twixt,R
Two Brothers,PG
Two Can Play That Game,R
Two Evil Eyes,R
Two Girls and a Guy,R
Two Lovers,R
Two Weeks Notice,PG-13
Tycoon,Approved
U-571,PG-13
U2 3D,G
UHF,PG-13
Ulee's Gold,R
"Ultramarines: A Warhammer 40,000 Movie",R
Ultraviolet,PG-13
UnDivided,PG
Unaccompanied Minors,PG
Unbreakable,PG-13
Unbroken,PG-13
Under Siege 2: Dark Territory,R
Under the Rainbow,PG
Under the Same Moon,PG-13
Under the Skin,R
Under the Tuscan Sun,PG-13
Underclassman,PG-13
Undercover Brother,PG-13
Underdogs,PG
Underworld,R
Underworld: Awakening,R
Underworld: Evolution,R
Underworld: Rise of the Lycans,R
Undiscovered,PG-13
Undisputed,R
Unfaithful,R
Unfinished Business,R
Unforgiven,R
Unfriended,R
United 93,R
United Passions,Not Rated
Universal Soldier: The Return,R
Unknown,PG-13
Unleashed,R
Unnatural,R
Unstoppable,PG-13
Unsullied,R
Untraceable,R
Up,PG
Up Close & Personal,PG-13
Up in the Air,R
Urban Legend,R
Urban Legends: Final Cut,R
Urbania,R
V for Vendetta,R
Vacation,R
Valentine,R
Valentine's Day,PG-13
Valiant,G
Valkyrie,PG-13
Vampire Killers,R
Vampire in Brooklyn,R
Vampires,R
Vampires Suck,PG-13
Vamps,PG-13
Van Wilder: Party Liaison,R
Vanilla Sky,R
Vanity Fair,PG-13
Vantage Point,PG-13
Varsity Blues,R
Velvet Goldmine,R
Vera Drake,R
Veronica Guerin,R
Veronica Mars,TV-14
Veronika Decides to Die,R
Vertical Limit,PG-13
Very Bad Things,R
Vicky Cristina Barcelona,PG-13
Victor Frankenstein,PG-13
Videodrome,R
Virgin Territory,R
Virtuosity,R
Volcano,PG-13
Volver,R
W.,PG-13
WALL·E,G
Wag the Dog,R
Wah-Wah,R
Waiting for Guffman,R
Waiting...,R
Waitress,PG-13
Waking Ned Devine,PG
Wal-Mart: The High Cost of Low Price,Not Rated
Walk Hard: The Dewey Cox Story,R
Walk the Line,PG-13
Walking Tall,PG-13
Walking and Talking,R
Walking with Dinosaurs 3D,PG
Wall Street,R
Wall Street: Money Never Sleeps,PG-13
Waltz with Bashir,R
Wanderlust,R
Wanted,R
War,R
War & Peace,TV-14
War Horse,PG-13
War of the Worlds,PG-13
"War, Inc.",R
WarGames,PG
Warcraft,PG-13
Warlock,R
Warlock: The Armageddon,R
Warm Bodies,PG-13
Warrior,PG-13
Warriors of Virtue,PG
Wasabi,R
Watchmen,R
Water,PG-13
Water & Power,Not Rated
Water for Elephants,PG-13
Waterloo,G
Waterworld,PG-13
Wayne's World,PG-13
We Are Marshall,PG
We Are Your Friends,R
We Bought a Zoo,PG
We Have Your Husband,TV-PG
We Need to Talk About Kevin,R
We Own the Night,R
We Were Soldiers,R
We're No Angels,PG-13
We're the Millers,R
Weekend,Not Rated
"Welcome Home, Roscoe Jenkins",PG-13
Welcome to Collinwood,R
Welcome to Mooseport,PG-13
Welcome to the Dollhouse,R
Welcome to the Rileys,R
Wendy and Lucy,R
West Side Story,Unrated
Whale Rider,PG-13
What Dreams May Come,PG-13
What Happens in Vegas,PG-13
What Just Happened,R
What Lies Beneath,PG-13
What Planet Are You From?,R
What Women Want,PG-13
What a Girl Wants,PG
What the #$*! Do We (K)now!?,Unrated
What to Expect When You're Expecting,PG-13
What's Eating Gilbert Grape,PG-13
What's Love Got to Do with It,R
What's Your Number?,R
What's the Worst That Could Happen?,PG-13
Whatever It Takes,PG-13
Whatever Works,PG-13
When Did You Last See Your Father?,PG-13
When Harry Met Sally...,R
When a Stranger Calls,PG-13
When the Cat's Away,R
When the Game Stands Tall,PG
Where the Heart Is,PG-13
Where the Truth Lies,R
Where the Wild Things Are,PG
While We're Young,R
Whip It,PG-13
Whiplash,R
Whipped,R
White Chicks,PG-13
White Fang,PG
White House Down,PG-13
White Noise,PG-13
White Noise 2: The Light,PG-13
White Oleander,PG-13
White Squall,PG-13
Whiteout,R
Who Killed the Electric Car?,PG
Who's Your Caddy?,PG-13
Why Did I Get Married Too?,PG-13
Why Did I Get Married?,PG-13
Wicked Blood,Not Rated
Wicker Park,PG-13
Wild,R
Wild Card,R
Wild Grass,PG
Wild Hogs,PG-13
Wild Target,PG-13
Wild Things,R
Wild Wild West,PG-13
Willard,PG-13
Willy Wonka & the Chocolate Factory,G
Wimbledon,PG-13
Win a Date with Tad Hamilton!,PG-13
Wind Walkers,R
Windtalkers,R
Wing Commander,PG-13
Winged Migration,G
Winnie Mandela,R
Winnie the Pooh,G
Winter Passing,R
Winter in Wartime,R
Winter's Bone,R
Winter's Tale,PG-13
Wish I Was Here,R
Witchboard,R
Without Limits,PG-13
Without Men,R
Without a Paddle,PG-13
Witless Protection,PG-13
Witness,R
Wolf,R
Wolves,R
Woman Thou Art Loosed,R
Woman in Gold,PG-13
Woman on Top,R
Womb,Unrated
Won't Back Down,PG
Wonder Boys,R
Wonderland,R
Woo,R
Woodstock,R
Wordplay,PG
World Trade Center,PG-13
World War Z,PG-13
World's Greatest Dad,R
Wrath of the Titans,PG-13
Wreck-It Ralph,PG
Wristcutters: A Love Story,R
Wrong Turn,R
Wyatt Earp,PG-13
X-Men,PG-13
X-Men 2,PG-13
X-Men Origins: Wolverine,PG-13
X-Men: Apocalypse,PG-13
X-Men: Days of Future Past,PG-13
X-Men: First Class,PG-13
X-Men: The Last Stand,PG-13
Y Tu Mamá También,R
Year One,PG-13
Yeh Jawaani Hai Deewani,Not Rated
Yentl,PG
Yes,R
Yes Man,PG-13
Yesterday Was a Lie,PG
Yoga Hosers,PG-13
Yogi Bear,PG
You Again,PG
You Can Count on Me,R
You Can't Take It with You,Approved
You Don't Mess with the Zohan,PG-13
You Got Served,PG-13
You Got Served: Beat the World,PG-13
You Kill Me,R
You Only Live Twice,Approved
You Will Meet a Tall Dark Stranger,R
You've Got Mail,PG
"You, Me and Dupree",PG-13
Young Adult,R
Young Frankenstein,PG
Young Guns,R
Young Sherlock Holmes,PG-13
Your Highness,R
Your Sister's Sister,R
"Yours, Mine and Ours",Unrated
Youth in Revolt,R
ZMD: Zombies of Mass Destruction,R
Zack and Miri Make a Porno,R
Zambezia,G
Zathura: A Space Adventure,PG
Zero Dark Thirty,R
Zero Effect,R
Zipper,R
Zodiac,R
Zombie Hunter,Not Rated
Zombieland,R
Zookeeper,PG
Zoolander,PG-13
Zoolander 2,PG-13
Zoom,PG
Zulu,R
[Rec],R
[Rec] 2,R
eXistenZ,R
xXx,PG-13
xXx: State of the Union,PG-13
Æon Flux,PG-13
