Object Number,variable,artist
02.7.1,0,"Ingham, Charles Cromwell"
04.29.2,0,"Cole, Thomas"
04.3.36,0,"von Winterthur, Heinrich Heid"
06.1051.2,0,"Altdorfer, Albrecht"
06.1335.1a–d,0,"Tencalla, Carpoforo Mazzetti"
06.1335.1a–d,1,"Stazio, Abbondio"
06.968.2,0,"Stimmer, Tobias"
06.968.2,1,"Murer, Christoph"
06.968.2,2,Pfau David II
06.968.2,3,Pfau Hans Heinrich III
"07.286.36a, b",0,Penthesilea Painter
07.286.84,0,Painter of the Woolly Satyrs
08.162.1,0,"Rossetti, Dante Gabriel"
08.162.1,1,"Dunn, Henry Treffry"
08.183.1,0,"Bellini, Giovanni"
10.125.685,0,"Dennis, Thomas"
10.125.685,1,"Searle, William"
10.125.83,0,"Townsend, John"
10.189,0,"Veronese, Paolo (Paolo Caliari)"
10.228.1,0,"Homer, Winslow"
10.64.5,0,"Homer, Winslow"
100.1 B59,0,"Blanc, Charles"
100.1 B59,1,"Humbert, de Superville David-Pierre Giottino"
100.1 B591,0,"Gaucherel, Léon"
100.1 B591,1,"Blanc, Charles"
100.51 B61 no.2,0,Man Ray
100.51 B61 no.2,1,"Duchamp, Marcel"
100.51 B61 no.2,2,"Roché, H. P."
106.1 V28 F,0,Barrie
106.1 V28 F,1,"Strahan, Edward"
107.1 K75 1920 no.8,0,"Bakst, Léon"
107.1 K75 1920 no.8,1,"Knoedler, M., & Co."
107.15 R474 no.7,0,Museu de Arte Moderna
109A L83,0,"Lomazzo, Giovanni Paolo"
11.116.4,0,"Inness, George"
11.118,0,"Carpaccio, Vittore"
11.126.1,0,Giotto di Bondone
11.156,0,"Durand, Asher Brown"
11.173.1,0,"Rodin, Auguste"
110.5B75 C44,0,"Chizzola, Luigi"
12.11.1,0,"Rodin, Auguste"
12.3.1,0,Master Potter A
120 Se6,0,"Serlio, Sebastiano"
120.32P17 P17,0,"Palladio, Andrea"
123.1 F412,0,"Washburn, Ives"
123.1 F412,1,"Ferriss, Hugh"
125.97 D932,0,"Dürer, Albrecht"
126.5V55 B292 Q v.3,0,"Boito, Camillo"
126.5V55 B292 Q v.3,1,"Ongania, Ferdinando"
126.6 R61,0,"Colin et Cie., Éditeurs"
126.6 R61,1,"Rodin, Auguste"
126.6 R61,2,"Morice, Charles"
13.160.10,0,Al-Sufi `Abd al-Rahman
13.2,0,"Whistler, James McNeill"
13.228.13.6,0,Maulana Azhar
13.228.13.6,1,Nizami (Ilyas Abu Muhammad Nizam al-Din of Ganja)
13.228.13.6,2,Unknown
13.228.26,0,Miskin
13.228.26,1,Amir Khusrau Dihlavi
13.228.28,0,Miskin
13.228.28,1,Amir Khusrau Dihlavi
13.228.29,0,Basawan
13.228.29,1,Muhammad Husain Kashmiri
13.228.29,2,Amir Khusrau Dihlavi
13.228.33,0,Manohar
13.228.33,1,Muhammad Husain Kashmiri
13.228.33,2,Amir Khusrau Dihlavi
13.228.7.5,0,Sultan Muhammad Nur
13.228.7.5,1,Mahmud Muzahib
13.228.7.5,2,Shaykh Zada
13.228.7.5,3,Nizami (Ilyas Abu Muhammad Nizam al-Din of Ganja)
130.8 C23,0,"Carradori, Francesco"
131.1M58 C75,0,"Condivi, Ascanio"
139.3 N48 F,0,"Hayashi, Tadamasa"
139.3 N48 F,1,De Vinne Press
139.3 N48 F,2,"Bishop, Heber R."
139.3 N48 F,3,Kunz George Frederick
139.3 N48 F,4,Bushell Stephen Wootton Dr.
139.3 N48 F,5,"Lilley, Robert"
14.100.172,0,"Iyetada, Saotome"
14.100.172,1,"Munesuke, Myōchin"
14.126.1,0,"Sully, Thomas"
14.130.12,0,Euphiletos Painter
14.130.14,0,Hirschfeld Workshop
14.25.1425,0,"Gemlich, Ambrosius"
14.25.1425,1,"Peck, Peter"
14.25.1623,0,"Schmidt, Jacob"
14.26,0,"Coggeshall, Patty"
14.40.602,0,"Hals, Frans"
14.40.605,0,"Hals, Frans"
14.40.618,0,Rembrandt (Rembrandt van Rijn)
14.40.619,0,"Dyck, Anthony van"
14.40.623,0,"Ruisdael, Jacob van"
14.40.626–27,0,"Memling, Hans"
14.40.633,0,"Dürer, Albrecht"
14.40.642,0,Botticelli (Alessandro di Mariano Filipepi)
14.40.675,0,"Rossellino, Antonio"
14.40.687,0,Clodion (Claude Michel)
14.40.689,0,Giambologna
14.74.17,0,American Flint Glass Manufactory 
14.74.17,1,"Stiegel, Henry William"
14.76.6,0,Unidentified Artist
143.6 S92,0,"Froehner, Wilhelm"
143.7W41 W413,0,"Wedgwood, Josiah"
146.8  M821 Q,0,"Morgan, J. Pierpont"
146.8  M821 Q,1,"Williamson, George Charles"
146.9 T34,0,"Thiout, Antoine"
15.113.1–.5; 29.158.885,0,"Holden, Richard"
15.113.1–.5; 29.158.885,1,"Tachaux, Daniel"
15.142.2,0,"Sargent, John Singer"
15.30.59,0,"Durand, Asher Brown"
15.30.61,0,"Kensett, John Frederick"
15.30.62,0,"Gifford, Sanford Robinson"
15.30.67,0,"Church, Frederic Edwin"
15.75,0,"French, Daniel Chester"
152.7 T36 Q,0,"Thomas, Auguste H."
153 Ar7 F,0,Appleton & Co.
159.4 N486,0,"Plandome Press, Inc."
159.4 N486,1,"Silve, David"
159.4 N486,2,"Dwiggins, William Addison"
159.4 N486,3,Metropolitan Museum of Art
16.2.2,0,"Cassatt, Mary"
16.30ab,0,Raphael (Raffaello Sanzio or Santi)
16.53,0,"Sargent, John Singer"
16.68.2,0,"Blackburn, Joseph"
161 H41,0,"Taylor, I. & J."
161 H41,1,"Hepplewhite, A. & Co."
161 L841,0,"Brown, W. and O'Neil A."
161 L841,1,London Society of Cabinet Makers
161.1 C44 Q,0,"Chippendale, Thomas"
17.104,0,"Saint-Gaudens, Augustus"
17.142.1,0,Leonardo da Vinci
17.172,0,"Eakins, Thomas"
17.190.1720,0,"Negroli, Filippo"
17.190.2045,0,Medici Porcelain Factory
17.190.636,0,"Emmoser, Gerhard"
17.190.724,0,Heinrich of Constance Master
17.190.823,0,Walbaum Matthias
17.190.823,1,"Mozart, Anton"
"17.230.14a, b",0,Exekias
17.3.159,0,"Whistler, James McNeill"
17.3.90,0,"Whistler, James McNeill"
17.40.2a–r,0,Bousch Valentin
17.50.17-36,0,"Castiglione, Giovanni Benedetto (Il Grechetto)"
17.50.17-36,1,"Merwede, Matthuys van de, Lord of Clootwyck"
17.50.17-36,2,"Rossi, Giovanni Giacomo De"
17.81.4,0,Bihzad
17.81.4,1,Hafiz
"17.87.3a, b",0,"Liger, C."
17.90.1,0,"Saint-Gaudens, Augustus"
17.97.5,0,"Whistler, James McNeill"
170.1 AL1 Quarto,0,"Albers, Josef"
170.1 AL1 Quarto,1,Yale University Press
170.1 C424,0,"Chevreul, Michel Eugène"
170.1 C424,1,"Martel, Charles"
170.1 R674,0,"Rood, Ogden Nicholas"
170.9 F46,0,"Fielding, Theodore Henry Adolphus"
171.1 C17,0,"Carducho, Vincente"
171.1 C17,1,"Martínez, Francisco"
171.1 C17,2,"López, Francisco"
171.1 C17,3,"Fernández, Francisco"
175T49 R43,0,"Ridolfi, Carlo"
18.70.28,0,"Pisano, Giovanni"
19.115.2,0,"Muneakira, Myōchin"
19.126,0,"MacNeil, Hermon Atkins"
"19.131.1a–r, t–w, .2a–c; 27.183.16",0,Royal Workshops at Greenwich
"19.131.1a–r, t–w, .2a–c; 27.183.16",1,"Holbein, Hans, the Younger"
19.164,0,"Bruegel, Pieter, the Elder"
19.51.7,0,"Degas, Edgar"
19.51.7,1,"Manet, Édouard"
19.68.1,0,Muhammad ibn Badr al-Din Jajarmi
19.73.1,0,"Dürer, Albrecht"
19.74.1,0,"Raimondi, Marcantonio"
19.74.1,1,Raphael (Raffaello Sanzio or Santi)
19.77.2,0,"Ingres, Jean Auguste Dominique"
192H221  B61,0,Blemly William Ignatius
1950-04-01 00:00:00,0,"Penn, Irving"
1970.137.1,0,Riemenschneider Tilman
1970.179.1a–q,0,"Boutet, Nicholas-Noël"
1970.230.4,0,Vincennes Manufactory
1970.230.4,1,"Duplessis, Jean-Claude"
1970.301.2,0,Sultan Muhammad
1970.301.2,1,Abu'l Qasim Firdausi
1970.301.3,0,Sultan Muhammad
1970.301.3,1,Abu'l Qasim Firdausi
1970.301.51,0,Qasim ibn 'Ali
1970.301.51,1,Abu'l Qasim Firdausi
1970.35.1,0,Pottier and Stymus Manufacturing Company
1970.727.1,0,"Hine, Lewis"
1970.77,0,"Schuech, Israel"
1970.77,1,"Martinez, Juan"
1970.89.1a–c,0,Ungaro Emanuel
1971.155,0,"Carracci, Annibale"
1971.158.1,0,Mosca Simone
1971.219,0,"Roux, Alexander"
1971.63.1,0,"Panini, Giovanni Paolo"
1971.79.4,0,"Givenchy, Hubert de"
1971.79.4,1,Givenchy House of
1971.86,0,Velázquez (Diego Rodríguez de Silva y Velázquez)
1972.111.1a-c,0,Mannello Angelo
1972.118.210,0,"Delacroix, Eugène"
1972.127,0,"Smith, David"
1972.223,0,"Le Bourgeois, Pierre"
1972.223,1,"Le Bourgeois, Marin"
1972.263.6,0,"Davis, Joseph H."
1972.47,0,Herter Brothers
1972.60.1,0,"Wright, Frank Lloyd"
"1973.104.2a, b",0,"Grès, Madame"
1973.120.1,0,QU DING
1973.120.6,0,QIAN XUAN
1973.257,0,"Ward, John Quincy Adams"
1973.282.2,0,Ferragamo Salvatore
1973.315.1,0,Joubert Gilles
1973.634,0,Canaletto (Giovanni Antonio Canal)
"1973.6a, b",0,Louiseboulanger
1974.136.3,0,"Courrèges, André"
1974.185.3a–c,0,Harris H.
1974.185.3a–c,1,Scholte
"1974.214.26a, b",0,Gorham Manufacturing Company
"1974.214.26a, b",1,Spaulding and Company
1974.356.120a,0,"Bauer, Johann Michael"
1974.356.524,0,"Bustelli, Franz Anton"
1974.356.524,1,Nymphenburg Porcelain Manufactory
1975.1.1015,0,Vasaro Giovanni Maria
1975.1.1019,0,Nicola da Urbino
1975.1.103,0,"Baronzio, Giovanni"
1975.1.104,0,Master of Saint Francis
1975.1.110,0,"Christus, Petrus"
1975.1.1103,0,"Andreoli, Giorgio Maestro"
1975.1.113,0,"Memling, Hans"
1975.1.119,0,"David, Gerard"
1975.1.1194,0,Italian
1975.1.1194,1,French
1975.1.12,0,"Martini, Simone"
1975.1.120,0,"David, Gerard"
1975.1.1232,0,Master IC
1975.1.1232,1,"Cour, Jean"
1975.1.1244,0,"Goullons, Jacques"
1975.1.130,0,"Hey, Jean (called Master of Moulins)"
1975.1.138,0,"Holbein, Hans, the Younger"
1975.1.140,0,Rembrandt (Rembrandt van Rijn)
1975.1.141,0,"Borch, Gerard ter, the Younger"
1975.1.142,0,"Borch, Gerard ter, the Younger"
1975.1.144,0,"Hooch, Pieter de"
1975.1.145,0,"Greco, El (Domenikos Theotokopoulos)"
1975.1.146,0,"Greco, El (Domenikos Theotokopoulos)"
1975.1.148,0,Goya (Francisco de Goya y Lucientes)
1975.1.155,0,Balthus (Balthasar Klossowski)
1975.1.1558,0,"Vasters, Reinhold"
1975.1.1558,1,Italian
1975.1.156,0,"Bonnard, Pierre"
1975.1.159,0,"Braque, Georges"
1975.1.16,0,Bartolo di Fredi
1975.1.160,0,"Cézanne, Paul"
1975.1.162,0,"Corot, Camille"
1975.1.1638,0,del Tasso
1975.1.168,0,"Derain, André"
1975.1.186,0,"Ingres, Jean Auguste Dominique"
1975.1.1915,0,"Orley, Bernard van"
1975.1.1915,1,"Pannemaker, Pieter de"
1975.1.192,0,"Marquet, Albert"
1975.1.194,0,"Matisse, Henri"
1975.1.196,0,"Monet, Claude"
1975.1.199,0,"Renoir, Auguste"
1975.1.201,0,"Renoir, Auguste"
1975.1.2026,0,"Carlin, Martin"
1975.1.2026,1,Sèvres Manufactory
1975.1.2026,2,French
1975.1.209,0,"Signac, Paul"
1975.1.21,0,Niccolò di Buonaccorso
1975.1.2101,0,"Italian, Siena"
1975.1.225,0,"Vuillard, Édouard"
1975.1.231,0,"Gogh, Vincent van"
1975.1.2486,0,"David, Gerard"
1975.1.2487,0,"Bening, Simon"
1975.1.2490,0,"Fouquet, Jean"
1975.1.2491,0,"Marmitta, Francesco"
1975.1.27,0,Osservanza Master
1975.1.270,0,"Bartolomeo, Fra (Bartolomeo di Paolo del Fattorino)"
1975.1.297,0,Canaletto (Giovanni Antonio Canal)
1975.1.31,0,Giovanni di Paolo (Giovanni di Paolo di Grazia)
1975.1.335,0,Lorenzo Monaco (Piero di Giovanni)
1975.1.342,0,"Guardi, Francesco"
1975.1.369,0,Leonardo da Vinci
1975.1.37,0,Giovanni di Paolo (Giovanni di Paolo di Grazia)
1975.1.376,0,Francesco di Giorgio Martini
1975.1.38,0,Giovanni di Paolo (Giovanni di Paolo di Grazia)
1975.1.410,0,"Pollaiuolo, Antonio"
1975.1.443,0,"Tiepolo, Giovanni Battista"
1975.1.473,0,"Tiepolo, Giovanni Domenico"
1975.1.514,0,"Tiepolo, Giovanni Domenico"
1975.1.54,0,Benvenuto di Giovanni
1975.1.553,0,"Zuccaro, Taddeo"
1975.1.58,0,"Daddi, Bernardo"
1975.1.592,0,"Cross, Henri-Edmond"
1975.1.647,0,"Ingres, Jean Auguste Dominique"
1975.1.66,0,Lorenzo Monaco (Piero di Giovanni)
1975.1.661,0,Claude Lorrain (Claude Gellée)
1975.1.669,0,"Matisse, Henri"
1975.1.7,0,Ugolino da Siena (Ugolino di Nerio)
1975.1.704,0,"Seurat, Georges"
1975.1.710,0,"Signac, Paul"
1975.1.731,0,"Toulouse-Lautrec, Henri de"
1975.1.736,0,"Vallotton, Félix"
1975.1.74,0,Botticelli (Alessandro di Mariano Filipepi)
1975.1.753,0,"Villon, Jacques"
1975.1.763,0,"Watteau, Antoine"
1975.1.774,0,"Gogh, Vincent van"
1975.1.792,0,Rembrandt (Rembrandt van Rijn)
1975.1.794,0,Rembrandt (Rembrandt van Rijn)
1975.1.799,0,Rembrandt (Rembrandt van Rijn)
1975.1.843,0,"Rubens, Peter Paul"
1975.1.848,0,"van der Stockt, Vranke"
1975.1.85,0,Jacometto (Jacometto Veneziano)
1975.1.855,0,"Baldung, Hans (called Hans Baldung Grien)"
1975.1.859,0,"Dürer, Albrecht"
1975.1.86,0,Jacometto (Jacometto Veneziano)
1975.1.872,0,"Schongauer, Martin"
1975.1.940,0,"Prendergast, Maurice Brazil"
1975.1.95,0,Maestro delle Storie del Pane
1975.1.96,0,Maestro delle Storie del Pane
1975.15a–c,0,"Doucet, Jacques"
1975.16,0,"Heade, Martin Johnson"
1975.246.5a–c,0,James Charles
1975.268.48a–d,0,Kano Sansetsu
1975.27.1,0,"Edmonds, Francis William"
1975.319.1,0,"Cassatt, Mary"
1975.321,0,"Weber, Max"
1975.59,0,Koyate Mamadou
1976.124.7a–c,0,"Balenciaga, Cristobal"
1976.124.7a–c,1,Balenciaga House of
1976.155.110,0,"Carlin, Martin"
1976.155.110,1,"Bouillat père, Edme François"
1976.155.110,2,Sèvres Manufactory
1976.324,0,"Barry, and Son Joseph B."
1976.332,0,"Trumbull, John"
"1976.368.5a, b",0,"Blass, Bill"
"1976.368.5a, b",1,PBM
"1976.368.5a, b",2,Bonwit Teller & Co.
1976.414.3a-ggg,0,"Dupas, Jean"
1976.414.3a-ggg,1,"Champigneulle, Jacques-Charles"
1976.646,0,"Le Gray, Gustave"
1976.652.3-4,0,"Edouart, Auguste"
1976.92,0,"Bernini, Gian Lorenzo"
1976.92,1,"Bernini, Pietro"
1977.1,0,"David, Jacques Louis"
1977.1.11,0,"Heiglen, Johann Erhard"
1977.1.3,0,"Tiepolo, Giovanni Battista"
1977.243,0,"Stuart, Gilbert"
"1977.329.5a, b",0,Rébè
"1977.329.5a, b",1,Saint Laurent Yves
"1977.329.5a, b",2,"Dior, House of"
1977.78,0,HAN GAN
1978.163.2a–c,0,Kamali Norma
1978.203,0,"Lane, Fitz Henry"
1978.288.23a–f,0,Schiaparelli Elsa
1978.288.23a–f,1,Bonwit Teller & Co.
"1978.288.7a, b",0,Callot Soeurs
1978.412.499,0,Zlan of Belewale
1978.61.1-.6,0,"Bearden, Romare"
1979.206.1047,0,Chakalte'
1979.29,0,Buli Master
1979.32,0,"Esherick, Wharton"
"1979.380a, b",0,Martin Christian Frederick
1979.394,0,"Ward, John Quincy Adams"
1979.395,0,"Earl, Ralph"
1979.396.1,0,"Vermeer, Johannes"
"1979.435.10a, b",0,"Givenchy, Hubert de"
"1979.435.10a, b",1,Givenchy House of
1979.5a–d,0,Wang Hui
1979.622,0,"Watkins, Carleton E."
1980.1023.5,0,Brassaï
"1980.111a,b",0,Grenser H.
1980.351,0,"Mies van der Rohe, Ludwig"
1980.42,0,"Lichtenstein, Roy"
1980.92.1a–c,0,Drecoll
1981.238,0,"Rubens, Peter Paul"
1981.276,0,Guo Xi
1981.278,0,Huizong Emperor
1981.35,0,"O'Keeffe, Georgia"
1981.380.2,0,Callot Soeurs
1981.4.1a–o,0,GONG XIAN
"1981.57.2a, b",0,LEINBERGER HANS
1982.147.25,0,"Pollock, Jackson"
1982.16.3,0,"De Kooning, Willem"
1982.171.1,0,"Kim, Kwang Ju"
1982.179.29,0,"Derain, André"
1982.213,0,Kamal Muhammad
1982.213,1,Muhammad Chand
1982.30ab,0,"Frankl, Paul T."
1982.324,0,"Meares, Richard"
1982.443.2,0,"Powers, Hiram"
1982.45,0,"Briosco, Andrea, called Riccio"
"1982.4a, b",0,"Fletcher, Thomas"
"1982.4a, b",1,"Gardiner, Sidney"
1982.53,0,Balthus (Balthasar Klossowski)
1982.55.1,0,"Pippin, Horace"
1982.59.1–.105,0,"Appleton, Thomas"
1982.60.129,0,Master of the Martyrdom of St. Sebastian
1982.60.61,0,"Oeben, Jean-François"
1982.60.61,1,Vandercruse Roger called Lacroix
1982.60.81,0,"Roentgen, David"
1982.60.81,1,"Zick, Januarius"
1982.60.81,2,Gervais Elie
1982.60.81,3,"Rémond, Pierre"
1982.60.82,0,"Boulle, André Charles"
1982.90.1a-c,0,"Rosenquist, James"
1983.1009(8),0,"Matisse, Henri"
1983.251,0,"Botero, Fernando"
1983.356,0,Donatello
1983.451,0,"Baldung, Hans (called Hans Baldung Grien)"
1983.457,0,"Guston, Philip"
1983.606.14–.22,0,"Warhol, Andy"
"1983.619.1a, b",0,Saint Laurent Yves
"1983.619.1a, b",1,"Saint Laurent Yves, Paris"
"1983.8a, b",0,"Poiret, Paul"
1984.114.1,0,Vuillaume Jean Baptiste
"1984.163.4a, b",0,"Saint Laurent Yves, Paris"
"1984.163.4a, b",1,Saint Laurent Yves
1984.194,0,"Grooms, Red"
1984.225,0,"Ertel, Giacomo (Jacob)"
1984.256,0,Fulper Pottery Company
1984.3,0,"Chanel, Gabrielle ""Coco"""
1984.3,1,"Chanel, House of"
1984.315.42,0,"Klee, Paul"
1984.328a-d,0,"Caro, Anthony"
1984.331.13,0,"Munro, Rebekah S."
1984.34,0,Hofmann Ferdinand
1984.425,0,"Bennett, John"
1984.433.16,0,"Matisse, Henri"
1984.433.294,0,"Schiele, Egon"
1984.433.298ab,0,"Schiele, Egon"
1984.433.34,0,"Lachaise, Gaston"
1984.459.1,0,"Sweerts, Michiel"
1984.459.2,0,Guercino (Giovanni Francesco Barbieri)
1984.527,0,"Avery, Milton"
1984.613.2,0,"De Kooning, Willem"
1985.114,0,"Lalique, René-Jules"
1985.116,0,"Pabst, Daniel"
1985.124,0,Tielke Joachim
1985.353,0,"Saint-Gaudens, Augustus"
1985.63.5,0,"Rothko, Mark"
1986.1053.1,0,"Brandt, Bill"
1986.1054.19,0,"O'Sullivan, Timothy H."
1986.1159,0,"Mantegna, Andrea"
1986.1225.2,0,"Kertész, André"
1986.138,0,"Lotto, Lorenzo"
1986.237,0,Boston and Sandwich Glass Company
1986.239,0,Kintzing Christian
"1986.265.1, .2",0,Grecke Johan Adolph
1986.266.4,0,Wu Bin
1986.353.1,0,"Hauser, Hermann"
1986.353.2,0,"Ramírez, Manuel"
1986.365.3,0,Oppenordt Alexandre-Jean
1986.365.3,1,"Berain, Jean"
1986.397,0,"Bourgeois, Louise"
1986.441.3,0,"Still, Clyfford"
1987.1100.1,0,"Sheeler, Charles"
1987.1100.10,0,"Strand, Paul"
1987.1100.13,0,"Coburn, Alvin Langdon"
1987.1100.384,0,"Abbott, Berenice"
1987.1100.40,0,Man Ray
1987.1100.47,0,"Lissitzky, El"
1987.1100.476,0,"Feininger, T. Lux"
1987.1100.48,0,"Kertész, André"
1987.1100.482,0,"Evans, Walker"
1987.1100.49,0,Umbo (Otto Umbehr)
1987.1100.87,0,"Model, Lisette"
1987.1161,0,"Braun, Adolphe"
1987.12,0,"Müller, Karl L. H."
1987.282,0,"Close, Chuck"
1987.455.2,0,"Klee, Paul"
1987.47.1,0,"Degas, Edgar"
1987.88,0,"Warhol, Andy"
1988.103,0,"Evans, Walker"
1988.1031,0,"Cuvelier, Eugène"
1988.159,0,"von Hagenau, Nikolaus"
1988.162,0,Canaletto (Giovanni Antonio Canal)
1988.164,0,Hukin & Heath
1988.164,1,"Dresser, Christopher"
1988.294.1,0,Meissen Manufactory
1988.294.1,1,Kirchner Johann Gottlieb
1988.65.1–.2,0,Hallé
1988.74.2a–e,0,"Gernreich, Rudi"
1988.87,0,Tecchler David
1989.1038.2,0,"Klein, William"
1989.1063,0,"Greene, John Beasley"
1989.1083,0,"Watkins, Carleton E."
1989.1135,0,"Strand, Paul"
1989.147,0,Voboam Jean-Baptiste
1989.183,0,"Gericault, Théodore"
1989.197,0,Diehl Charles-Guillaume
1989.197,1,Frémiet Emmanuel
1989.197,2,Brandely Jean
1989.281.72,0,Achilles Painter
1989.3,0,"Drouart, Jean"
1989.363.4,0,HUANG TINGJIAN
1990.1005,0,"Lange, Dorothea"
1990.103,0,"Sellas, Matteo"
1990.1083,0,"Metzker, Ray K."
1990.113,0,"Le Secq, Henri-Jean-Louis"
1990.223,0,Norman Barak
1990.226a–d,0,"Revere, Paul, Jr."
1990.237a-c,0,"Ringgold, Faith"
1990.247,0,"Pacetti, Vincenzo"
1990.38.1,0,"Boccioni, Umberto"
1990.38.3,0,"Boccioni, Umberto"
1991.1044,0,"Robert, Louis-Rémy"
1991.1056,0,"Steinert, Otto"
1991.1127,0,"Fuss, Adam"
1991.1198,0,Nadar
1991.1232,0,"Sander, August"
1991.1233,0,"Atget, Eugène"
1991.145,0,"Price, William Lightfoot"
1991.311.1,0,Byrdcliffe Arts and Crafts Colony
"1991.373a, b",0,Kunitoshi Rai
1991.77,0,"Murray, Elizabeth"
1992.128,0,"Guy, Seymour Joseph"
1992.146,0,"Dix, Otto"
1992.23,0,American Pottery Manufacturing Company
1992.24.1,0,"Davis, Stuart"
1992.24.3,0,"Hartley, Marsden"
1992.24.8,0,"Sheeler, Charles"
1992.269,0,"Hunzinger, George Jakob"
1992.279,0,"de Frías, Joseph"
1992.333,0,Tielke Joachim
1992.391,0,"Picasso, Pablo"
1992.43,0,"de Forest, Lockwood"
1992.5,0,"Baldus, Édouard"
1992.5067,0,"Matta-Clark, Gordon"
1992.51,0,Habiballah
1992.5107,0,"Winogrand, Garry"
1992.5147,0,"Sherman, Cindy"
1992.5149,0,"Steichen, Edward J."
1992.5152,0,"Atget, Eugène"
1992.5154,0,"Polke, Sigmar"
1992.5158,0,"Bustamante, Jean-Marc"
1992.8,0,Herter Brothers
"1992.8.1, .2",0,Sesson Shūkei
1993.1097,0,"Altdorfer, Albrecht"
1993.132,0,"Gogh, Vincent van"
1993.14,0,"Tekelü, Ahmed"
1993.195a–s,0,"Bush, Andrew"
1993.303a-f,0,"Prutscher, Otto"
1993.303a-f,1,Beissbarth & Hoffmann
1993.324,0,"Anshutz, Thomas"
1993.332.2,0,"Foggini, Giovanni Battista"
1993.393.1,0,"Balenciaga, Cristobal"
1993.393.1,1,Balenciaga House of
1993.400.6,0,"Braque, Georges"
1993.415,0,"Bernard, Léopold"
1993.415,1,"Brun, J. C. A."
1993.415,2,"Tissot, Jean-Claude"
1993.415,3,"Fannière, François-Auguste"
1993.415,4,"Fannière, François-Joseph-Louis"
1993.52.3,0,Versace Gianni
1993.52.3,1,Gianni Versace
1993.52.4,0,Versace Gianni
1993.52.4,1,Gianni Versace
1993.55,0,Fath Jacques
1993.55,1,Fath House of Jacques
1993.69.3,0,"Vallou-de-Villeneuve, Julien"
1993.7,0,"Dijon, V."
1993.71,0,"Freud, Lucian"
1993.75,0,"Davenport, A. H."
1993.75,1,"Bacon, Francis H."
1993.96,0,"Yamamoto, Yohji"
1994.12,0,"Mackintosh, Charles Rennie"
1994.141,0,"Vali, Mustafa ibn"
1994.141,1,Sultan Murad III
1994.141,2,Mustafa b. Yusuf al-Darir al-Erzerumi
1994.144.8,0,"Sugimoto, Hiroshi"
1994.182,0,"Johnson, David"
1994.245.135,0,"Evans, Walker"
1994.269,0,"Henle, Jan"
1994.271,0,"Atget, Eugène"
1994.278,0,Lacroix Christian
1994.278,1,"Patou, House of"
1994.417,0,"Choiselat, Marie-Charles-Isidore & Stanislas Ratel"
1994.417,1,"Ratel, Stanislas"
1994.45,0,"Hassam, Childe"
1994.486,0,"Léger, Fernand"
1994.567,0,"Hassam, Childe"
"1994.578.3a, b",0,Gaultier Jean Paul
1994.76,0,"Wiles, Irving Ramsey"
1994.83,0,Unknown
1995.101,0,"Fragonard, Jean Honoré"
1995.12,0,"Orley, Bernard van"
1995.13,0,"Bakewell, Page & Bakewell"
1995.14.5,0,"Kiefer, Anselm"
1995.142,0,"Dubuffet, Jean"
1995.15,0,"Brueghel, Jan, the Elder"
1995.191,0,"Gursky, Andreas"
1995.196,0,"Ruisdael, Jacob van"
1995.213a–h,0,"Westwood, Vivienne"
1995.234,0,"Baziotes, William"
1995.245.1,0,Valentina
1995.251,0,"Warhol, Andy"
1995.336,0,"Colt, Samuel"
"1995.371a, b",0,Mekeren Jan van
1995.377.1,0,"Lannuier, Charles-Honoré"
1995.378,0,"Homer, Winslow"
1995.440a-c,0,"Zeisel, Eva"
1995.440a-c,1,Schramberg Majolica Factory
1995.474,0,"Ray, Charles"
1995.595,0,"Krasner, Lee"
1995.72.7,0,Teng Yeohlee
1995.96.10,0,"Bacot, Edmond"
1996.102,0,"Coleman, Charles Caryl"
1996.13.1,0,"Oberlender, Johann Wilhelm"
1996.14,0,"Gerhaert von Leyden, Niclaus"
1996.279,0,"Copley, John Singleton"
1996.291a–c,0,"Callahan, Harry"
1996.297,0,"Struth, Thomas"
1996.299,0,"Arbus, Diane"
1996.322,0,"Woodman, Francesca"
1996.363.2,0,"Robert, Louis-Rémy"
"1996.364a, b",0,"Verona, Stefano da"
1996.382,0,"Hassam, Childe"
1996.403.1,0,"Picasso, Pablo"
1996.403.10,0,"Chirico, Giorgio de"
1996.403.7ab,0,"Brancusi, Constantin"
1996.403.8,0,"Miró, Joan"
1996.418,0,"Gauguin, Paul"
1996.480.3,0,Halston
1996.558,0,Olowe of Ise
1996.561,0,"Proctor, Alexander Phimister"
1996.563,0,"Benbridge, Henry"
1996.99.2,0,"Cameron, Julia Margaret"
1997.108,0,"Faigenbaum, Patrick"
1997.117.10,0,"Ostade, Adriaen van"
1997.149.12,0,"Braque, Georges"
1997.149.9,0,"Modigliani, Amedeo"
1997.153,0,Raphael (Raffaello Sanzio or Santi)
1997.156,0,Claude Lorrain (Claude Gellée)
1997.167,0,Caravaggio (Michelangelo Merisi)
1997.195,0,"Fuss, Adam"
1997.207,0,"Cassatt, Mary"
1997.228,0,Itoh Takuo
1997.25,0,"Strand, Paul"
1997.250.6,0,Kang Ji
1997.36,0,Polyteleia Painter
1997.382.1,0,"Talbot, William Henry Fox"
1997.382.19,0,"Hill, David Octavius"
1997.382.19,1,"Adamson, Robert"
1997.382.19,2,Hill and Adamson
1997.382.34,0,"Fenton, Roger"
1997.382.35,0,"Fenton, Roger"
1997.382.38,0,"Cameron, Julia Margaret"
1997.382.41,0,"Whipple, John Adams"
1997.382.46,0,"Moulin, Félix-Jacques-Antoine"
1997.460.1a–d,0,MEMPHIS MILANO
1997.460.1a–d,1,"Sottsass, Ettore"
1997.4ab,0,"Kiefer, Anselm"
1997.61.19,0,"Stieglitz, Alfred"
1997.61.25,0,"Stieglitz, Alfred"
1997.93,0,"Spranger, Bartholomeus"
1998.121,0,"Pons, Joseph"
1998.132,0,"Nègre, Charles"
1998.21,0,"Ingres, Jean Auguste Dominique"
1998.21,1,"Kaunitz-Rietberg, Prince Wenzel von"
1998.225,0,"Poussin, Nicolas"
1998.311.1,0,"Smith, David"
1998.329,0,"Johns, Jasper"
1998.338,0,"Chauvassaignes, Franck-François-Genès"
1998.365,0,"Sargent, John Singer"
1998.431.1a–e,0,"Rosenquist, James"
1998.431.1a–e,1,Hugo Boss
1998.479,0,Simca Print Artists Inc.
1998.479,1,"Johns, Jasper"
"1998.493.189a, b",0,Sant'Angelo Giorgio
1998.57,0,"Tournachon, Adrien"
1998.57,1,Nadar
1998.57,2,"Deburau, Jean-Charles"
1998.7,0,Pere Alexandre & Fils
1999.103,0,Ezra
1999.176,0,"Dewing, Thomas Wilmer"
1999.18,0,"Mead, Larkin Goldsmith"
1999.19,0,"Farrer, Henry"
1999.2,0,"Muniz, Vik"
1999.21,0,"Ruff, Thomas"
1999.222,0,"Rubens, Peter Paul"
1999.237.4,0,"Evans, Walker"
1999.24,0,"Rovner, Michal"
1999.26,0,Amati Andrea
1999.27.1a-c-5,0,"Saarinen, Eliel"
1999.27.1a-c-5,1,WILCOX SILVER
"1999.307 a,b",0,"Porthaux, Dominique Antony"
1999.363.15,0,"Chirico, Giorgio de"
1999.363.16,0,"Dalí, Salvador"
1999.363.20,0,"Dubuffet, Jean"
1999.363.22,0,"Giacometti, Alberto"
1999.363.41,0,"Matisse, Henri"
1999.363.50,0,"Miró, Joan"
1999.363.53,0,"Miró, Joan"
1999.38,0,"Abbott, Berenice"
1999.396,0,"Belter, J. H."
1999.399,0,"Adhikari, Murari"
1999.494a–h,0,Galliano John
1999.494a–h,1,"Dior, House of"
1999.58a–d,0,"Jacobs, Marc"
1999.58a–d,1,Vuitton Louis
1999.93,0,Prince Lu
20.155.1,0,"Gainsborough, Thomas"
20.155.11,0,"Riesener, Jean Henri"
20.155.3,0,"Reynolds, Joshua, Sir"
20.155.8,0,"Greuze, Jean-Baptiste"
20.155.9,0,"Boucher, François"
20.24.76,0,"Peruzzi, Baldassare Tommaso"
20.24.76,1,"Carpi, Ugo da"
2000.127,0,"Lonberg-Holm, Knud"
2000.13,0,"Le Gray, Gustave"
2000.151,0,"Peale, Rembrandt"
2000.272,0,"Prince, Richard"
2000.278.1-.9,0,"Hoffmann, Josef"
2000.278.1-.9,1,Wiener Werkstätte
2000.51,0,"Friedrich, Caspar David"
2000.512,0,"Whistler, James McNeill"
2000.600.15,0,"Rohde, Gilbert"
2000.600.15,1,"Miller, Herman Inc."
2000.63a-c,0,"Brandt, Marianne"
2001.153,0,"Hannock, Stephen"
2001.293,0,"Smithson, Robert"
2001.402a,0,"Tanner, Henry Ossawa"
2001.474,0,"Arbus, Diane"
2001.608.1,0,"Homer, Winslow"
2001.641,0,"Saint-Gaudens, Augustus"
2001.642,0,Bamen Tomotsugu
2001.723,0,"Fouquet, Georges"
"2001.742a, b",0,Comme des Garçons
"2001.742a, b",1,Watanabe Junya
2002.1,0,"West, Benjamin"
2002.115,0,Imperial Armory
2002.190a–n,0,Courtois frères
2002.21.1,0,"Rush, William"
2002.259,0,"Kilburn, (or Kilbrunn) Lawrence"
2002.26,0,"Friedrich, Caspar David"
2002.323 a-f,0,Langenbucher Veit
2002.323 a-f,1,"Bidermann, Samuel"
2002.365,0,"Ruhlmann, Émile-Jacques"
2002.365,1,"Gaudissard, Emile"
2002.436,0,"Lorenzetti, Pietro"
2002.456.1,0,"Carrington, Leonora"
2002.456.111,0,"Giacometti, Alberto"
2002.468,0,Permoser Balthasar
"2003.12a, b",0,Studio 65
"2003.12a, b",1,Gufram
2003.150a–g,0,Esposito Giosue
2003.241,0,'Abd al-Qadir Hisari
2003.269,0,"Hammons, David"
2003.27,0,"Matta, Roberto"
2003.323,0,"Graf, Urs"
2003.442,0,Gucci
2003.442,1,Ford Tom
2003.462,0,Alexander McQueen
2003.462,1,McQueen Alexander
2003.63a–d,0,Unknown
"2003.68a, b",0,Armani Giorgio
2004.442,0,Duccio di Buoninsegna
2005.100.1,0,"Aguado de las Marismas, Onésipe"
2005.100.109,0,"Watkins, Carleton E."
2005.100.116,0,"Seeley, George H."
2005.100.140,0,Man Ray
2005.100.27,0,"Cameron, Julia Margaret"
2005.364.1a–d–.48,0,Fourteen identified German (Augsburg) goldsmiths and other Germa
2005.365,0,Garion
2005.390a-c,0,"Rauschenberg, Robert"
2005.44.2,0,Adrover Miguel
2006.277a-fff,0,"Tinguely, Jean"
2006.32.15,0,"Ernst, Max"
2006.32.49,0,"Oldenburg, Claes"
2006.32.5,0,"Calder, Alexander"
"2006.420.51a, b",0,Saint Laurent Yves
"2006.420.51a, b",1,"Saint Laurent Yves, Paris"
2006.452a–c,0,Redlin Michel
"2006.519a, b",0,"Dugourc, Jean Démosthène"
"2006.519a, b",1,"Pernon, Camille"
2006.86a–c,0,"Scherer, Georg Henrich"
2006.91,0,"Wall, Jeff"
2007.194a–f,0,Teijo Goto
2007.194a–f,1,Gotō Yūjō
2007.27,0,"Hoentschel, Georges"
2007.27,1,Grittel Èmile
2007.329,0,Unidentified Artist
2007.442,0,"Voiriot, Guillaume"
2007.95,0,"Hepworth, Barbara"
2007.96,0,"Anatsui, El"
2008.1,0,Grancino Giovanni
2008.121,0,"Anatsui, El"
2008.253,0,"Leyden, Lucas van"
2008.278,0,Hans of Landshut
2008.29,0,"Kapoor, Anish"
2008.312,0,Bhawani Das
2008.459,0,Valentin de Boulogne
2008.547.1,0,"Gérôme, Jean-Léon"
2009.28,0,Anonymous
2009.28,1,"Amman, Jost"
2009.28,2,Anonymous Flemish weavers
2009.300.816,0,James Charles
2009.58,0,"Briosco, Andrea, called Riccio"
2009.8a–c,0,"Jackson, Samuel"
201.9 Av3,0,"Avery, Samuel Putnam, Sr."
201.9Av3 Av32,0,"Avery, Samuel Putnam, Sr."
201.9F88 B73,0,Brainerd Ira Hutchinson
2010.121,0,"Struth, Thomas"
2010.138.1-.4,0,Bunsen Franz Peter
2010.23,0,"Gros, Jean-Baptiste-Louis"
2010.24,0,"Messerschmidt, Franz Xaver"
2010.466,0,"Fitch, Julia Ann"
2011.36,0,Perino del Vaga (Pietro Buonaccorsi)
2012.99,0,"Bassano, Jacopo (Jacopo da Ponte)"
2014.173,0,"Enríquez, Nicolás"
2014.269,0,"Rodríguez Juárez, Juan"
21.115.4,0,"Whittredge, Worthington"
21.164,0,"Glackens, William James"
216.7 T71,0,"Andrews, William Loring"
216.7 T71,1,Berners Juliana
217.08  W881,0,Woolnough Charles W.
22.16.17,0,"Cassatt, Mary"
"22.19a, b",0,"Targee, John"
22.207,0,"Homer, Winslow"
22.61,0,"MacMonnies, Frederick William"
22.75,0,"Sarto, Andrea del (Andrea d'Agnolo)"
221.1 K63,0,Kirchner Athanasius
226 B641,0,"Buonanni, Filippo"
23.101,0,"Cassatt, Mary"
23.102,0,"Healy, George P. A."
23.163.4a,0,"Morris, William"
23.163.4a,1,Morris & Company
23.163.4a,2,Jeffrey & Co.
23.31.1,0,"Picasso, Pablo"
23.31.1,1,"Fort, Louis"
23.31.1,2,"Vollard, Ambroise"
230.51 N55,0,Tong zhi tang
230.51 N55,1,"Nie, Chongyi"
239 B63 Q,0,Boch Jean
239 B63 Q,1,"Borcht, Peeter van der"
"24.179; 26.188.1, .2; 29.158.363a, b",0,"Helmschmid, Kolman"
24.197.2,0,Michelangelo Buonarroti
24.241.2,0,Toft Thomas
24.45.1,0,"Poussin, Nicolas"
24.97.104,0,Tarporley Painter
240.7 T344 F,0,Elseviers
240.7 T344 F,1,Boslwert A.
240.7 T344 F,2,Thibault Girard
25.115.15,0,"Armitt, Joseph"
25.120.288,0,Bartolo di Fredi
25.17,0,"Ostendorfer, Michael"
25.17,1,"Apianus, Petrus"
25.17,2,"Apianus, Georg and Petrus"
25.231.1,0,"Ruhlmann, Émile-Jacques"
25.78.56,0,Polykleitos
250 T34,0,"Dézallier d'Argenville, Antoine Joseph"
254 B63,0,"Böckler, Georg Andreas"
26.117,0,Kōrin
26.12,0,"French, Daniel Chester"
"26.145.243a, b",0,"Deutschmann, Joseph"
"26.145.315a, b",0,Morisset James
26.168.77,0,"Biennais, Martin-Guillaume"
26.168.77,1,"Percier, Charles"
26.168.77,2,Jacob-Desmalter François-Honoré-Georges
26.168.77,3,"Denon, Dominique Vivant Baron"
26.49,0,Nearchos
26.54,0,Webb Philip
26.54,1,"Burne-Jones, Edward, Sir"
26.54,2,"Morris, Marshall, Faulkner & Co."
26.72.68,0,"Altdorfer, Albrecht"
26.9,0,"Böcklin, Arnold"
26.97,0,"Johnson, Eastman"
27.137,0,"Zurbarán, Francisco de"
270.52 T49,0,"Hunter, Dard"
270.52 T49,1,"Tindale, Thomas & Harriet R."
272.4 Au8,0,"Avery, Samuel Putnam, Sr."
273.4 G76,0,"Grand-Carteret, John"
273.4 G76,1,"Régamey, Félix"
273.4D26 AL2,0,"Daumier, Honoré"
273.4D26 AL2,1,"Alexandre, Arsène"
28.221,0,"Cranach, Lucas, the Elder"
"28.52a, b",0,New Bremen Glass Manufactory 
"28.52a, b",1,"Amelung, John Frederick"
28.57.23,0,Persephone Painter
29.100.115,0,"Manet, Édouard"
29.100.129,0,"Daumier, Honoré"
29.100.16,0,Bronzino (Agnolo di Cosimo di Mariano)
29.100.200,0,"Daumier, Honoré"
29.100.23,0,"Ingres, Jean Auguste Dominique"
29.100.370,0,"Degas, Edgar"
29.100.370,1,HÉBRARD A. A.
29.100.5,0,"Greco, El (Domenikos Theotokopoulos)"
29.100.53,0,"Manet, Édouard"
29.100.565,0,"Corot, Camille"
29.100.57,0,"Courbet, Gustave"
29.100.6,0,"Greco, El (Domenikos Theotokopoulos)"
29.100.66,0,"Cézanne, Paul"
29.100.939,0,Rembrandt (Rembrandt van Rijn)
29.107.28,0,Rembrandt (Rembrandt van Rijn)
3.3,0,"Delacroix, Eugène"
30.5,0,"La Farge, John"
31.109,0,"Copley, John Singleton"
31.11.10,0,Amasis Painter
31.11.11,0,Lydos
31.11.13,0,Eretria Painter
31.11.5,0,Epimenes
31.45,0,"David, Jacques Louis"
31.62,0,"Hopper, Edward"
32.100.43,0,Rogier van der Weyden
32.12,0,Rose Joseph
32.12,1,Gilbert John
32.12,2,John Devall & Co.
32.12,3,"Adam, Robert"
32.130.2,0,"Mantegna, Andrea"
32.130.6a–y,0,"Halder, Jacob"
33.120.221,0,"Winslow, Edward"
33.164a–x,0,"Lochner, Kunz"
33.165.1,0,"Germain, François Thomas"
33.23,0,de Werve Claus
33.43.132,0,"Käsebier, Gertrude"
33.43.303,0,"White, Clarence H."
33.43.334,0,"Strand, Paul"
33.43.343,0,"Sheeler, Charles"
33.43.36,0,"Steichen, Edward J."
33.43.39,0,"Steichen, Edward J."
33.43.43,0,"Steichen, Edward J."
33.43.44,0,"Steichen, Edward J."
33.43.47,0,"Steichen, Edward J."
33.61,0,"Bingham, George Caleb"
"33.65.11, .226",0,"Gardner, Alexander"
"33.65.11, .226",1,"Brady, Mathew B."
33.7,0,Abu'l Qasim Firdausi
33.92ab,0,"Eyck, Jan van"
34.100.124,0,"Roth, Heinrich"
34.134,0,"La Farge, John"
34.138,0,"Watteau, Antoine"
34.73,0,"Ribera, Jusepe de (called Lo Spagnoletto)"
34.86.1 a,0,"Stradivari, Antonio"
34.86.2 a,0,"Stradivari, Antonio"
34.92,0,"Eakins, Thomas"
35.27,0,"Schongauer, Martin"
35.42,0,Goya (Francisco de Goya y Lucientes)
"36.120.417a, b, .418a–c",0,Sukemitsu of Bizen
"36.120.417a, b, .418a–c",1,Yasumitsu
"36.120.417a, b, .418a–c",2,Iwamoto Konkan
36.120.79,0,Ishiguro Masayoshi
36.14a–c,0,"Patinir, Joachim"
36.37 (25),0,"Talbot, William Henry Fox"
37.165.107,0,"Watteau, Antoine"
37.45.3(27),0,"Piranesi, Giovanni Battista"
37.45.3(27),1,"Bouchard, Giovanni"
38.34,0,"Southworth, Albert Sands"
38.34,1,"Hawes, Josiah Johnson"
38.34,2,Southworth and Hawes
38.59,0,"Furman, Warner Williams Sarah"
38.63,0,"Kierstede, Cornelius"
39.121a–n,0,"Cousin, Jean, the Elder"
39.121a–n,1,"Delaune, Étienne"
39.121a–n,2,"Pellerin, Baptiste"
39.153,0,"Maiano, Giuliano da"
39.153,1,Francesco di Giorgio Martini
39.153,3,Benedetto da Maiano
39.52,0,"Peale, James"
39.65.53,0,"Saint-Gaudens, Augustus"
39.68.27,0,"Lucas, David"
39.68.27,1,"Constable, John"
41.1.31,0,Rembrandt (Rembrandt van Rijn)
41.100.132,0,de Liège Jean
41.100.23,0,"Martini, Simone"
41.138,0,Unidentified Artist
41.82,0,"Roentgen, David"
41.82,1,"Zick, Januarius"
41.82,2,"Chippendale, Thomas"
42.154,0,"Curry, John Steuart"
42.155,0,"Blume, Peter"
42.167,0,"Lawrence, Jacob"
42.22,0,"Kuntz, Jacob"
42.50.16,0,"Treviso, Girolamo da"
42.50.2,0,LIONARDO
43.106.1,0,"Dürer, Albrecht"
43.13,0,"Murillo, Bartolomé Estebán"
43.159.1,0,"Benton, Thomas Hart"
43.86.4,0,"Copley, John Singleton"
43.87.17,0,"Eakins, Thomas"
43.87.23,0,"Eakins, Thomas"
"44.21a, b",0,Clodion (Claude Michel)
45.128.5,0,Pesquera Diego de
45.62.1,0,"Morse, Samuel F. B."
"46.140.767a, b",0,Boston and Sandwich Glass Company
46.16,0,"Poussin, Nicolas"
46.192.4,0,"Smith, John Rubens"
46.25.1a–d,0,"Worth, Charles Frederick"
46.25.1a–d,1,"Worth, House of"
46.43.4,0,"Le Brun, Charles"
46.43.4,1,Lemoyen le Lorrain Jean
46.43.4,2,"Convent of Saint Joseph-de-la-Providence, Paris"
46.43.4,3,Montespan Marquise de
47.106,0,"Picasso, Pablo"
47.26,0,"Burne-Jones, Edward, Sir"
48.190.2,0,"Gogh, Vincent van"
48.81,0,"Miller, Sally"
49.12,0,"Copley, John Singleton"
49.24,0,"Chardin, Jean Siméon"
49.3,0,"Gogh, Vincent van"
49.38,0,"Fouquet, Jean"
49.55.327,0,"de Meyer, Adolf"
49.55.35,0,"Stieglitz, Alfred"
49.59.1,0,"Demuth, Charles"
49.7.10,0,"Lippi, Filippino"
49.7.108,0,LIMOSIN LÉONARD
49.7.16,0,Titian (Tiziano Vecellio)
49.7.19,0,"Christus, Petrus"
49.7.21,0,"David, Gerard"
49.7.41,0,Goya (Francisco de Goya y Lucientes)
49.7.49,0,"Fragonard, Jean Honoré"
49.70.1,0,"Kandinsky, Vasily"
49.70.105,0,"Marin, John"
49.70.42,0,"Hartley, Marsden"
50.102.4,0,"Soudbinine, Séraphin"
50.102.4,1,"Dunand, Jean"
50.11.4,0,Group of Boston 00.348
50.117,0,"Wood, Grant"
50.135.4,0,"Holbein, Hans, the Younger"
50.135.5,0,"Lawrence, Thomas, Sir"
50.145.66,0,"Houdon, Jean Antoine"
50.145.8,0,"Constable, John"
50.164,0,Riza-yi `Abbasi
50.228.3,0,"Gardner, Caleb"
50.583.4,0,"Dyck, Anthony van"
51.112.1,0,"Cézanne, Paul"
51.112.2,0,"Gauguin, Paul"
51.112.5,0,"Rousseau, Henri (le Douanier)"
51.33.2,0,"Toulouse-Lautrec, Henri de"
51.56,0,Ja'far ibn Muhammad ibn `Ali
51.9,0,Leonardo da Vinci
52.184,0,"Vanderlyn, John"
52.203,0,"O'Keeffe, Georgia"
52.81,0,Caravaggio (Michelangelo Merisi)
526 R82,0,Royal Asiatic Society
526 R82,1,Cambridge University Press
53.223,0,"Sax, Charles Joseph"
53.225.52,0,"Palissy, Bernard"
53.56.11,0,"Richters, Hendrik"
53.87a-i,0,"Noguchi, Isamu"
53.9,0,"Davis, Stuart"
532 Eg961,0,"Belzoni, Giovanni Battista"
532 L551,0,"Lepsius, Richard"
532 L551,1,"Naville, Édouard F."
532 L551,2,"Borchardt, Ludwig"
"54.1.1a, b",0,The Limbourg Brothers
54.1.2,0,PUCELLE JEAN
54.167,0,"Myers, Myer"
543.1N48 M97 Q,0,Curtius Ernst
543.1N48 M97 Q,1,"Cesnola, Luigi Palma di"
55.119,0,Claude Lorrain (Claude Gellée)
55.121.10.22,0,Govardhan
55.121.10.22,1,Mir 'Ali Haravi
55.121.10.24,0,Chitarman
55.44,0,"Ibn al-Suhrawardi al-Bakri, Ahmad"
55.44,1,Muhammad ibn Aibak ibn 'Abdallah
55.86 a-c,0,"Stradivari, Antonio"
55.93,0,"Antico (Alari Bonacolsi, Pier Jacopo)"
551 G41,0,"Apvd Gvlielmvm, svb scvto veneto"
551 G41,1,"Gilles, Pierre"
56.105,0,"Pajou, Augustin"
56.11.1,0,Amasis Painter
56.171.38,0,Berlin Painter
56.171.64,0,Lycurgus Painter
56.205.1,0,"Gorky, Arshile"
56.228,0,"Brugghen, Hendrick ter"
56.70a–c,0,"Campin, Robert"
57.130.7,0,"Belter, J. H."
57.51.21,0,'Abdullah ibn al-Fadl
57.51.23,0,Badi' al-Zaman ibn al-Razzaz al-Jazari
57.51.23,1,Farrukh ibn `Abd al-Latif
57.51.26,0,Shah Quli
57.92,0,"Pollock, Jackson"
58.57a–d,0,"Vignola, Jacopo [Giacomo] Barozzi da"
58.57a–d,1,"Porta, Guglielmo della"
58.57a–d,2,Mynardo Giovanni
58.75.1–.22,0,Rose Joseph
58.75.1–.22,1,"Boucher, François"
58.75.1–.22,2,Manufacture Nationale des Gobelins
58.75.1–.22,3,"Jacques, Maurice"
58.75.1–.22,4,"Tessier, Louis"
58.75.1–.22,5,Mayhew John
58.75.1–.22,6,Ince William
58.75.1–.22,7,"Neilson, Jacques"
58.75.1–.22,8,"Soufflot, Jacques Germain"
58.75.1–.22,9,"Wilton, Joseph"
58.75.1–.22,10,Wildsmith John
58.75.1–.22,11,Blockley Thomas
58.75.1–.22,12,"Alken, Sefferin"
58.75.1–.22,13,Langlois Peter
58.75.1–.22,14,"Hobcraft, John"
58.75.1–.22,15,Ince and Mayhew
58.75.1–.22,16,"Adam, Robert"
58.75.25,0,Baudoin Joseph-François-Xavier
58.75.25,1,"Jacob, Georges"
58.75.88a–c,0,"Dodin, Charles Nicolas"
58.75.88a–c,1,"Duplessis, Jean-Claude"
58.75.88a–c,2,Sèvres Manufactory
58.89,0,"Steen, Jan"
59.12,0,"Turner, Joseph Mallord William"
59.166,0,"Peale, Raphaelle"
59.76,0,"Blake, George Henry"
59.76,1,Érard
6.1234,0,"Homer, Winslow"
6.1312,0,Nunns Robert
6.1312,1,Clark John
6.306,0,"Vonnoh, Bessie Potter"
6.311,0,Kephisodotos
"60.29.1a, b",0,"Fisher, Robert"
60.3,0,"La Tour, Georges de"
60.4.1,0,"Phyfe, Duncan"
60.87,0,"Picasso, Pablo"
61.101.1,0,"Cézanne, Paul"
61.101.16,0,"Seurat, Georges"
61.101.17,0,"Seurat, Georges"
61.198,0,Rembrandt (Rembrandt van Rijn)
61.200.1,0,Master of the Codex of Saint George
62.126,0,"Castiglione, Giovanni Benedetto (Il Grechetto)"
62.16,0,"McIntire, Samuel"
62.189,0,Workshop of Biduinus
62.256.3,0,"Hicks, Edward"
62.55,0,"Houdon, Jean Antoine"
62.79.1,0,"Smibert, John"
62.79.2,0,"Smibert, John"
62.95,0,"Hopper, Edward"
62.96,0,de Touyl Jean
63.1,0,"David, Jacques Louis"
63.11.6,0,Andokides
63.11.6,1,Andokides Painter
63.11.6,2,Lysippides Painter
63.178.1,0,Muslim Ibn al-Dahhan
63.201.1,0,"Hathaway, Rufus"
63.210.11,0,Farid al-Din `Attar
63.210.11,1,Habiballah
63.350.246.206.378,0,American Tobacco Company
63.4,0,Martínez Montañés Juan
63.73,0,"Kelly, Ellsworth"
64.148,0,"Klimt, Gustav"
64.79,0,Cobb John
64.79,1,"Vile, William"
65.167.6,0,"Finlay, John"
65.167.6,1,"Finlay, Hugh"
65.247,0,"Motherwell, Robert"
65.47,0,"Imperial Porcelain Manufactory, St. Petersburg"
65.49,0,"Beaux, Cecilia"
66.113,0,"Cropsey, Jasper Francis"
66.126,0,"Mount, William Sidney"
66.143,0,"La Farge, John"
66.244.1-.25,0,"Lévy-Dhurmer, Lucien"
67.110.1,0,"Canova, Antonio"
67.110.1,1,Tarnowski Jan and Valeria Count and Countess
67.187.121,0,"Bellows, George"
67.187.123,0,"Chase, William Merritt"
67.187.53a-c,0,"Beckmann, Max"
67.197,0,Lemoyne Jean-Louis
67.232,0,"Louis, Morris"
67.241,0,"Monet, Claude"
67.25,0,"Carpeaux, Jean-Baptiste"
67.855,0,"Aetna Silkscreen Products, Inc."
67.855,1,Du-Art Displays
67.855,2,"Warhol, Andy"
67.855,3,Factory Additions
68.1,0,"Bonnard, Pierre"
68.100.1,0,"Roux, Alexander"
68.141.81a–f,0,Pantin Simon I
68.148,0,Bastis Master
68.185,0,"Graham, John"
69.113,0,"Robbia, Andrea della"
"69.140a, b",0,Herter Brothers
69.27,0,Hatifi
69.27,1,Suzi
69.88,0,"Siloe, Gil de"
7.122,0,"Renoir, Auguste"
7.123,0,"Bierstadt, Albert"
7.16,0,"Stuart, Gilbert"
7.79,0,"Remington, Frederic"
72.3,0,"Powers, Hiram"
74.24,0,"Kensett, John Frederick"
75.7.2,0,Piero di Cosimo (Piero di Lorenzo di Piero d'Antonio)
"77.9a, b",0,"Whitehouse, James Horton"
"77.9a, b",1,Tiffany & Co.
"77.9a, b",2,"Soligny, Eugene J."
"77.9a, b",3,"Saint-Gaudens, Augustus"
8.228,0,"Cole, Thomas"
80.1.2,0,"Richards, William Trost"
87.25,0,"Bonheur, Rosa"
87.8.8,0,"Inness, George"
88.5a–d,0,"Story, William Wetmore"
89.15.19,0,"Lippi, Fra Filippo"
89.15.21,0,"Vermeer, Johannes"
89.21.1,0,"Bastien-Lepage, Jules"
89.4.1097,0,"Naeplaesnigg, Andreas"
89.4.1191,0,"Hauslaib, Lorenz"
89.4.1191,1,"Cuntz, Steffan"
89.4.1196,0,Grouwels Lodewijck
89.4.1219,0,Cristofori Bartolomeo
89.4.1236,0,Hayashi Kodenji
89.4.2058,0,Sioux
89.4.2375,0,Haas Johann Wilhelm
"89.4.2631 a, b",0,Athabascan Family
"89.4.28 a, b",0,Elevated Tone Workshop
89.4.2883,0,"Voll, Georg"
89.4.2929a–e,0,"Todini, Michele"
89.4.2929a–e,1,"Onofri, Basilio"
89.4.2929a–e,2,"Reiff, Jacob"
89.4.909,0,"Gahn, Johann Benedikt"
89.4.912,0,"Boekhout, Thomas Coenraet"
89.4.924,0,Claude Laurent
89.4.926,0,Ganda
9.95,0,"Church, Frederic Edwin"
903.6 R541 F,0,"Haghe, Louis"
903.6 R541 F,1,Croly George Rev.
903.6 R541 F,2,"Roberts, David"
91.1.535a–h,0,‘Umar ibn Yusuf ibn ‘Umar ibn ‘Ali ibn Rasul al-Muzaffari
911.1. M362,0,Martinellie Domenico
912.1 K63 Q,0,Kirchner Athanasius
912.63 D23,0,"Dapper, Olfert"
916.3 An4 F,0,Angas George French
920.3 W52 F,0,"Westmacott, Richard, Sir"
920.84 M292,0,Malory Thomas Sir
920.84 M292,1,"Beardsley, Aubrey Vincent"
926.1 M642,0,"Milton, John"
94.14,0,"Powers, Hiram"
94.4.172,0,"Wedgwood and Sons, Josiah"
94.9.3,0,"Palmer, Erastus Dow"
959.9 M292,0,Malthus Francis
96.17.10,0,"Tiffany, Louis Comfort"
96.17.10,1,Tiffany Glass and Decorating Company
96.29,0,"Turner, Joseph Mallord William"
97.13.1,0,"Crawford, Thomas"
97.19,0,"MacMonnies, Frederick William"
97.29.3,0,"Pratt, Matthew"
97.33,0,"Peale, Charles Willson"
97.34,0,"Leutze, Emanuel"
99.2,0,Tiffany & Co.
99.2,1,"Curran, John T."
99.31,0,"Turner, Joseph Mallord William"
AE25 .E53 1751 Q,0,Briasson
AE25 .E53 1751 Q,1,"Diderot, Denis"
AE25 .E53 1751 Q,2,"Alembert, Jean Le Rond d'"
AE25 .E531 1762 Q,0,"Mouchon, Pierre"
AE25 .E531 1762 Q,1,Briasson
AE25 .E531 1762 Q,2,"Alembert, Jean Le Rond d'"
AE25 .E531 1762 Q,3,"Diderot, Denis"
AE25 .E532 1758 Q,0,"Diodati, Ottaviano"
AE25 .E532 1758 Q,1,"Giuntini, Vincenzo"
AE25 .E532 1758 Q,2,"Alembert, Jean Le Rond d'"
AE25 .E532 1758 Q,3,"Diderot, Denis"
AE25 .E533 1765 Q,0,"Giuntini, Vincenzo"
AE25 .E533 1765 Q,1,"Diderot, Denis"
AY831 .Z7 1783,0,"Houry, Laurent Charles d'"
AY831 .Z7 1784,0,"Hérissant, La Veuve"
AY831 .Z7 1784,1,"Collombat, Jacques"
AY831 .Z7 1784a,0,"Houry, Laurent Charles d'"
AY831 .Z7 1788,0,"Houry, Laurent Charles d'"
AY831 .Z7 1792,0,"Houry, Laurent Charles d'"
AY831 .Z7 1792,1,Imprimerie de Testu
BF207 .L4 1972,0,"Alpert, Richard"
BF207 .L4 1972,1,"Metzner, Ralph"
BF207 .L4 1972,2,"Leary, Timothy"
BF209.M4 M5313 1963,0,"Michaux, Henri"
BS75 1785b Q,0,"Didot, François Ambroise"
BS75 1785b Q,1,"Gibbs, Josiah W. (Josiah Willard)"
BV4823 .D48 1741,0,"Humblot, Antoine"
BV4823 .D48 1741,1,"Guélard, J. B."
BV4823 .D48 1741,2,"Duflos, Claude"
BV4834 .A75 1696,0,Arndts Johan
BX2010 .A2 1794,0,"Mazzinelli, Alessandro"
BX2010 .A2 1794,1,"Pacetti, Giovanni Battista"
BX2010 .A2 1794,2,Catholic Church
BX2010 .A2 1794,3,"Passeri, Giuseppe"
BX2010 .A2 1794,4,"Carracci, Annibale"
BX2010 .A2 1794,5,Salvioni
BX2016.A5 F7 1792,0,Catholic Church
BX2016.A5 F7 1792,1,Langlois
BX9454 .S25 1688,0,Arnold Seneuse
BX9454 .S25 1688,1,Denis de Sainte-Marthe
C.I.42.33.3,0,"Molyneux, Edward"
C.I.44.64.8a–c,0,"Chanel, Gabrielle ""Coco"""
C.I.44.64.8a–c,1,"Chanel, House of"
"C.I.45.27a, b",0,Maison Léoty
"C.I.46.4.18a, b",0,"Lanvin, Jeanne"
"C.I.46.4.18a, b",1,"Lanvin, House of"
C.I.46.4.20a–c,0,"Worth, House of"
"C.I.46.57a, b",0,Rosenstein Nettie
C.I.50.110a–j,0,Mainbocher
C.I.50.44,0,"Fortuny, Mariano"
C.I.50.44,1,Fortuny
C.I.51.83,0,Schiaparelli Elsa
C.I.52.18.4,0,"Vionnet, Madeleine"
C.I.52.5.2,0,Reboux Caroline
C.I.53.40.7a–e,0,"Dior, Christian"
C.I.53.40.7a–e,1,"Dior, House of"
C.I.53.73,0,James Charles
"C.I.54.16.1a, b",0,"Chanel, Gabrielle ""Coco"""
"C.I.54.16.1a, b",1,"Chanel, House of"
C.I.57.17.3,0,Weeks
"C.I.58.13.6a, b",0,"Balenciaga, Cristobal"
"C.I.58.13.6a, b",1,Balenciaga House of
C.I.58.25a–c,0,"Adrian, Gilbert"
C.I.58.34.30,0,"Dior, Christian"
C.I.58.34.30,1,"Dior, House of"
"C.I.58.49.4a, b",0,McCardell Claire
"C.I.58.49.4a, b",1,Townley
"C.I.60.21.1a, b",0,"Dior, Christian"
"C.I.60.21.1a, b",1,"Dior, House of"
C.I.61.40.4,0,"Poiret, Paul"
C.I.66.14.2,0,"Garthwaite, Anna Maria"
C.I.66.14.2,1,Lekeux Peter
C.I.68.53.5a–h,0,Rossberg Herman
C.I.69.23,0,Saint Laurent Yves
C.I.69.23,1,"Saint Laurent Yves, Paris"
C.I.X.56.2.1,0,Paquin House of
C.I.X.56.2.1,1,Paquin Jeanne
DA447.G7 H26 1876,0,"Hamilton, Anthony, Count"
DA447.G7 H26 1876,1,"Chauvet, Jules Adolphe"
DA447.G7 H26 1876,2,"Lamire, Leon"
DA447.G7 H26 1876,3,Marius Michel et fils
DC122.8 .P413 1785,0,"Le Moine, L. H."
DC122.8 .P413 1785,1,de Perefixe Hardouin
DC130.L14 L14 1749,0,"Auguste, Charles, marquis de La Fare"
DC611.N846 A5 1788,0,La Veuve Besongne & Fils
DH188.H67 W47 1568,0,"Wesenbeke, Jacques de"
F595 .R38 1895,0,Harper & Brothers
F595 .R38 1895,1,"Remington, Frederic"
G150 .A45 1820,0,Marcilly
GB1321 .M68 1766,0,"Moura Portugal, Bento de"
GT2050 .U813 1884,0,"Avril, Paul"
GT2050 .U813 1884,1,"Nimmo, J. C. and Bain"
GT2050 .U813 1884,2,"Uzanne, Octave"
GV1801 .L6 1889,0,Le Roux Hugues
GV1801 .L6 1889,1,"Garnier, Jules"
GV1801 .L6 1889,2,"Plon E., Nourrit et Cie."
KKL273.1.Z94 C4 1815,0,"Lodigiani, Luigi"
"L.2009.22.279a, b",0,"Ohr, George E."
M2149.5 .C5 1768,0,Catholic Church
M2149.5 .C5 1768,1,Baudouin
N6659.P32 A4 1976,0,Galeria Arte Global
N6659.P32 A4 1976,1,"Pape, Lygia"
N6659.P32 A4 1976,2,"Oiticica, Hélio"
N7433.4.B76 P43 1966,0,"Broodthaers, Marcel"
N7433.4.C65 D43 2015,0,Black Stone Press
N7433.4.C65 D43 2015,1,Heavenly Monkey
N7433.4.C65 D43 2015,2,"Cohen, Claudia"
N7433.4.C65 D43 2015,3,"Hodgson, Barbara"
NC765 .A9 1683 Q,0,"Audran, Girard"
ND3365.G7 B74 2009a Q,0,"Brotto, Carlo Bertoncello"
ND3365.G7 B74 2009a Q,1,"Malato, Enrico"
ND3365.G7 B74 2009a Q,2,Biblioteca Nazionale Marciana
ND3365.G7 B74 2009a Q,3,Salerno Editrice
ND616 .G35 1812,0,"Landon, Charles-Paul"
ND616 .G35 1812,1,Chaignieau
ND616 .G35 1812,2,Simier
NE2049.5.W38 W38 1710,0,"Watteau, Antoine"
NE2049.5.W38 W38 1710,1,"Cochin, Charles Nicolas, I"
NE2049.5.W38 W38 1710,2,"Desplaces, Louis"
NE2049.5.W38 W38 1710,3,"Thomassin, Henri Simon"
NE2049.5.W38 W38 1710,4,Hardy-Mennil
NK1483 .J7 1867 Q,0,"Gilbert, S. & T."
NK1483 .J7 1867 Q,1,"Jones, Owen"
NK1510 .J7 1868 Q,0,"Jones, Owen"
NK1510 .J7 1868 Q,1,"Westwood, J. O."
NK1510 .J7 1868 Q,2,"Wyatt, Matthew Digby Sir"
NK1510 .J7 1868 Q,3,Bernard Quaritch Ltd.
NK1510 .J7 1868 Q,4,"Waring, J. B."
NK1530 .A5 1930,0,"Washburn, Ives"
NK1530 .A5 1930,1,Glassgold A. C.
NK1530 .A5 1930,2,"Leonard, Robert"
NK1530 .A5 1930,3,American Union of Decorative Artists and Craftsmen
NK1700 .I57 Q v.1 1900,0,"Schroll, A."
NK1700 .I57 Q v.1 1900,1,"Abels, Ludwig"
NK1700 .I57 Q v.2 1901,0,"Schroll, A."
NK1700 .I57 Q v.2 1901,1,"Abels, Ludwig"
NK2229 .S54 1793,0,"Sheraton, Thomas"
NK2229 .S54 1793,1,"Bensley, Thomas"
NK7983.A1 W36 1752,0,"Wang, Fu"
NX511.A88 A88 1971 Quarto,0,"Andrews, Benny"
NX511.A88 A88 1971 Quarto,1,"Baranik, Rudolf"
NX511.A88 A88 1971 Quarto,2,Black Emergency Cultural Coalition and Artists and Writers Protest Against the War in Vietnam
PA4375.M8 D3 1772,0,Plutarch
PA4375.M8 D3 1772,1,L'Imprimerie Royale
PA4375.M8 D3 1772,2,"La Porte du Theil, François Jean Gabriel de"
PA6525.H4 N3 1762,0,Ovid
PA6525.H4 N3 1762,1,"Gregori, Carlo"
PA6525.H4 N3 1762,2,Durand
PA6525.H4 N3 1762,3,"Conti, Giovan Stefano"
PA6525.H4 N3 1762,4,"Nannini, Remigio"
PA6555 .A2 1585,0,"Pithou, Pierre"
PA6555 .A2 1585,1,Sulpicia
PA6555 .A2 1585,2,Persius
PA6555 .A2 1585,3,"Estienne, Robert"
PA6555 .A2 1585,4,"Patisson, Mamert"
PA6555 .A2 1585,5,"Juvenal, Decimus Junius"
PA6558 .A5 1726,0,"Lavaur, M. (Guillaume de)"
PA6558 .A5 1726,1,Petronius Arbiter
PL2693.H76 H74 1977 Quarto,0,"Wang, Shifu"
PL2693.H76 H74 1977 Quarto,1,Min Qiji
PL2693.H76 H74 1977 Quarto,2,"Dittrich, Edith"
PN1489 .M37 1651,0,"Martin, Docteur (Louis)"
PN1489 .M37 1651,1,"Belleau, Remy"
PN1489 .M37 1651,2,"Joly, Robert "
PN1489 .M37 1651,3,"Moynet, Simon"
PN1489 .M37 1651,4,"Folengo, Theophilo"
PN6231.P6 B63 1669,0,"Blaeu, Johannes"
PN6231.P6 B63 1669,1,"Briani, Girolamo"
PN6231.P6 B63 1669,2,Simier
PN6231.P6 B63 1669,3,"Boccalini, Traiano"
PQ1189 .M66 1765,0,Barbou
PQ1189 .M66 1765,1,"Monnet, Jean"
PQ1189 .M66 1765,2,"de Querlon, Anne Gabriel Meusnier"
PQ1795 .T5 1790,0,"Fénelon, François de Salignac de La Mothe-"
PQ1795 .T5 1790,1,"Cochin, Charles Nicolas, II"
PQ1795 .T5 1790,2,"Moreau, Jean Michel, the Younger"
PQ1795 .T5 1790,3,"Bozerian, Jean Claude"
PQ1809 .A1 1795,0,"Boileau Despréaux, Nicolas"
PQ1809 .A1 1795,1,"La Fontaine, Jean de"
PQ1809 .A1 1795,2,"Eisen, Charles Dominique Joseph"
PQ1809 .A1 1795,3,"Didot, Pierre l'ainé"
PQ1821 1773,0,"Bret, M. (Antoine)"
PQ1821 1773,1,"Lambert, Michel"
PQ1821 1773,2,"Molière, Jean-Baptiste Poquelin"
PQ1821 1773,3,Voltaire
PQ1821 1773,4,"Mignard, Pierre"
PQ1821 1773,5,"Moreau, Jean Michel, the Younger"
PQ1821 1773,6,Compagnie des libraires associés
PQ1954.A54 L4 1741,0,"Argens, Jean-Baptiste de Boyer, marquis d'"
PQ1954.A54 L4 1741,1,Pierre Paupie
PQ2067.T28 D4 1770,0,"Thiroux d'Arconville, Marie Geneviève Charlotte Darlus"
PQ2067.T28 D4 1770,1,"Diderot, Denis"
PQ2067.T28 D4 1770,2,Compagnie des libraires associés
PQ4272.F5 A34 1697,0,Kleihnans
PQ4272.F5 A34 1697,1,"Gallet, George"
PQ4272.F5 A34 1697,2,"Boccaccio, Giovanni"
PQ4272.F5 A34 1697,3,"Hooghe, Romeyn de"
PQ4567 .A2 1584,0,"Lavezzola, Alberto"
PQ4567 .A2 1584,1,"Garofolo, Girolamo"
PQ4567 .A2 1584,2,"Bononome, Giuseppe"
PQ4567 .A2 1584,3,"Groto, Luigi"
PQ4567 .A2 1584,4,"Eugenico, Niccolò"
PQ4567 .A2 1584,5,"Ariosto, Ludovico"
PQ4567 .A2 1584,6,"Pigna, Giovanni Battista"
PQ4567 .A2 1584,7,"Rota, Giovanni"
PQ4567 .A2 1584,8,"Camilli, Camillo"
PQ4567 .A2 1584,9,"Ruscelli, Girolamo (Alessio Piemontese)"
PQ4567 .A2 1584,10,Franceschi Francesco de'
PQ4567 .A2 1584,11,"Porro, Girolamo"
PS2267 .A1 1891,0,Houghton Mifflin Company
PS2267 .A1 1891,1,"Remington, Frederic"
PS2267 .A1 1891,2,"Longfellow, Henry Wadsworth"
PS3519.O2625 G6 1927,0,"Douglas, Aaron"
PS3519.O2625 G6 1927,1,"Johnson, James Weldon"
PS3519.O2625 G6 1927,2,Viking Press
PS3519.O2625 G6 1927,3,"Falls, Charles B."
QB7 .C15 1772,0,Pierre de Goesin
SB472.32.E54 W48 1771,0,"Latapie, François de Paule"
SB472.32.E54 W48 1771,1,"Whately, Thomas"
SB472.32.E54 W48 1771,2,"Jombert, Charles Antoine"
TA71 .F73 1829,0,Ministère de l'intérieur
TA71 .F73 1829,1,L'Imprimerie Royale
TL620.A1 A6 1784,0,Chez Jubert
TL620.A1 A6 1784a,0,Chez Desnos
TS1484 .B56 1777,0,"Bernieres, de"
TS1484 .B56 1777,1,Clousier
U101 .M7814 1760,0,"Montecuccoli, Raimondo, Prince"
U565 .S68 1740,0,"Sparre, Baron de"
U565 .S68 1740,1,Padeloup
U820.A9 S34 1603 F,0,"Schrenck von Nozing, Jacob"
U820.A9 S34 1603 F,1,"Noyse von Campenhouten, Johann Engelbert"
U820.A9 S34 1603 F,2,"Baur, Daniel"
U820.A9 S34 1603 F,3,"Custos, Dominicus"
U820.A9 S34 1603 F,4,"Fontana, Giovanni Battista"
UD S83 1842 v.1,0,Stephens John Lloyd
UD S83 1843 v.2,0,Stephens John Lloyd
